#ifndef AUDIO_H
#define AUDIO_H

// Cole todo o seu array hexadecimal de áudio aqui dentro  // EssaFoiFacil.wav
const unsigned char SomWav[] PROGMEM = {
  0x52, 0x49, 0x46, 0x46, 0x8a, 0x53, 0x00, 0x00, 0x57, 0x41, 0x56, 0x45, 0x66, 0x6d, 0x74, 0x20, 
  0x10, 0x00, 0x00, 0x00, 0x01, 0x00, 0x01, 0x00, 0x80, 0x3e, 0x00, 0x00, 0x80, 0x3e, 0x00, 0x00, 
  0x01, 0x00, 0x08, 0x00, 0x4c, 0x49, 0x53, 0x54, 0x1a, 0x00, 0x00, 0x00, 0x49, 0x4e, 0x46, 0x4f, 
  0x49, 0x53, 0x46, 0x54, 0x0e, 0x00, 0x00, 0x00, 0x4c, 0x61, 0x76, 0x66, 0x36, 0x32, 0x2e, 0x31, 
  0x32, 0x2e, 0x31, 0x30, 0x32, 0x00, 0x64, 0x61, 0x74, 0x61, 0x44, 0x53, 0x00, 0x00, 0x80, 0x80, 
  0x80, 0x80, 0x80, 0x80, 0x80, 0x80, 0x80, 0x80, 0x80, 0x80, 0x80, 0x80, 0x80, 0x80, 0x80, 0x80, 
  0x80, 0x80, 0x80, 0x80, 0x80, 0x80, 0x80, 0x80, 0x80, 0x80, 0x80, 0x80, 0x80, 0x80, 0x80, 0x80, 
  0x80, 0x80, 0x80, 0x80, 0x80, 0x80, 0x80, 0x80, 0x80, 0x80, 0x80, 0x80, 0x80, 0x80, 0x80, 0x80, 
  0x80, 0x80, 0x80, 0x80, 0x80, 0x80, 0x80, 0x80, 0x80, 0x80, 0x80, 0x80, 0x80, 0x80, 0x80, 0x80, 
  0x80, 0x80, 0x80, 0x80, 0x80, 0x80, 0x80, 0x80, 0x80, 0x80, 0x80, 0x80, 0x80, 0x80, 0x80, 0x80, 
  0x80, 0x80, 0x80, 0x80, 0x80, 0x80, 0x80, 0x80, 0x80, 0x80, 0x80, 0x80, 0x80, 0x80, 0x80, 0x80, 
  0x80, 0x80, 0x80, 0x80, 0x80, 0x80, 0x80, 0x80, 0x80, 0x80, 0x80, 0x80, 0x80, 0x80, 0x80, 0x80, 
  0x80, 0x80, 0x80, 0x80, 0x80, 0x80, 0x80, 0x80, 0x80, 0x80, 0x80, 0x80, 0x80, 0x80, 0x80, 0x80, 
  0x80, 0x80, 0x80, 0x80, 0x80, 0x80, 0x80, 0x80, 0x80, 0x80, 0x80, 0x80, 0x80, 0x80, 0x80, 0x80, 
  0x80, 0x80, 0x80, 0x80, 0x80, 0x80, 0x80, 0x80, 0x80, 0x80, 0x80, 0x80, 0x80, 0x80, 0x80, 0x80, 
  0x80, 0x80, 0x80, 0x80, 0x80, 0x80, 0x80, 0x80, 0x80, 0x80, 0x80, 0x80, 0x80, 0x80, 0x80, 0x80, 
  0x80, 0x80, 0x80, 0x80, 0x80, 0x80, 0x80, 0x80, 0x80, 0x80, 0x80, 0x80, 0x80, 0x80, 0x80, 0x80, 
  0x80, 0x80, 0x80, 0x80, 0x80, 0x80, 0x80, 0x80, 0x80, 0x80, 0x80, 0x80, 0x80, 0x80, 0x80, 0x80, 
  0x80, 0x80, 0x80, 0x80, 0x80, 0x80, 0x80, 0x80, 0x80, 0x80, 0x80, 0x80, 0x80, 0x80, 0x80, 0x80, 
  0x80, 0x80, 0x80, 0x80, 0x80, 0x80, 0x80, 0x80, 0x80, 0x80, 0x80, 0x80, 0x80, 0x80, 0x80, 0x80, 
  0x80, 0x80, 0x80, 0x80, 0x80, 0x80, 0x80, 0x80, 0x80, 0x80, 0x80, 0x80, 0x80, 0x80, 0x80, 0x80, 
  0x80, 0x80, 0x80, 0x80, 0x80, 0x80, 0x80, 0x80, 0x80, 0x80, 0x80, 0x80, 0x80, 0x80, 0x80, 0x80, 
  0x80, 0x80, 0x80, 0x80, 0x80, 0x80, 0x80, 0x80, 0x80, 0x80, 0x80, 0x80, 0x80, 0x80, 0x80, 0x80, 
  0x80, 0x80, 0x80, 0x80, 0x80, 0x80, 0x80, 0x80, 0x80, 0x80, 0x80, 0x80, 0x80, 0x80, 0x80, 0x80, 
  0x80, 0x80, 0x80, 0x80, 0x80, 0x80, 0x80, 0x80, 0x80, 0x80, 0x80, 0x80, 0x80, 0x80, 0x80, 0x80, 
  0x80, 0x80, 0x80, 0x80, 0x80, 0x80, 0x80, 0x80, 0x80, 0x80, 0x80, 0x80, 0x80, 0x80, 0x80, 0x80, 
  0x80, 0x80, 0x80, 0x80, 0x80, 0x80, 0x80, 0x80, 0x80, 0x80, 0x80, 0x80, 0x80, 0x80, 0x80, 0x80, 
  0x80, 0x80, 0x80, 0x80, 0x80, 0x80, 0x80, 0x80, 0x80, 0x80, 0x80, 0x80, 0x80, 0x80, 0x80, 0x80, 
  0x80, 0x80, 0x80, 0x80, 0x80, 0x80, 0x80, 0x80, 0x80, 0x80, 0x80, 0x80, 0x80, 0x80, 0x80, 0x80, 
  0x80, 0x80, 0x80, 0x80, 0x80, 0x80, 0x80, 0x80, 0x80, 0x80, 0x80, 0x80, 0x80, 0x80, 0x80, 0x80, 
  0x80, 0x80, 0x80, 0x80, 0x80, 0x80, 0x80, 0x80, 0x80, 0x80, 0x80, 0x80, 0x80, 0x80, 0x80, 0x80, 
  0x80, 0x80, 0x80, 0x80, 0x80, 0x80, 0x80, 0x80, 0x80, 0x80, 0x80, 0x80, 0x80, 0x80, 0x80, 0x80, 
  0x80, 0x80, 0x80, 0x80, 0x80, 0x80, 0x80, 0x80, 0x80, 0x80, 0x80, 0x80, 0x80, 0x80, 0x80, 0x80, 
  0x80, 0x80, 0x80, 0x80, 0x80, 0x80, 0x80, 0x80, 0x80, 0x80, 0x80, 0x80, 0x80, 0x80, 0x80, 0x80, 
  0x80, 0x80, 0x80, 0x80, 0x80, 0x80, 0x80, 0x80, 0x80, 0x80, 0x80, 0x80, 0x80, 0x80, 0x80, 0x80, 
  0x80, 0x80, 0x80, 0x80, 0x80, 0x80, 0x80, 0x80, 0x80, 0x80, 0x80, 0x80, 0x80, 0x80, 0x80, 0x80, 
  0x80, 0x80, 0x80, 0x80, 0x80, 0x80, 0x80, 0x80, 0x80, 0x80, 0x80, 0x80, 0x80, 0x80, 0x80, 0x80, 
  0x80, 0x80, 0x80, 0x80, 0x80, 0x80, 0x80, 0x80, 0x80, 0x80, 0x80, 0x80, 0x80, 0x80, 0x80, 0x80, 
  0x80, 0x80, 0x80, 0x80, 0x80, 0x80, 0x80, 0x80, 0x80, 0x80, 0x80, 0x80, 0x80, 0x80, 0x80, 0x80, 
  0x80, 0x80, 0x80, 0x80, 0x80, 0x80, 0x80, 0x80, 0x80, 0x80, 0x80, 0x80, 0x80, 0x80, 0x80, 0x80, 
  0x80, 0x80, 0x80, 0x80, 0x80, 0x80, 0x80, 0x80, 0x80, 0x80, 0x80, 0x80, 0x80, 0x80, 0x80, 0x80, 
  0x80, 0x80, 0x80, 0x80, 0x80, 0x80, 0x80, 0x80, 0x80, 0x80, 0x80, 0x80, 0x80, 0x80, 0x80, 0x80, 
  0x80, 0x80, 0x80, 0x80, 0x80, 0x80, 0x80, 0x80, 0x80, 0x80, 0x80, 0x80, 0x80, 0x80, 0x80, 0x80, 
  0x80, 0x80, 0x80, 0x80, 0x80, 0x80, 0x80, 0x80, 0x80, 0x80, 0x80, 0x80, 0x80, 0x80, 0x80, 0x80, 
  0x80, 0x80, 0x80, 0x80, 0x80, 0x80, 0x80, 0x80, 0x80, 0x80, 0x80, 0x80, 0x80, 0x80, 0x80, 0x80, 
  0x80, 0x80, 0x80, 0x80, 0x80, 0x80, 0x80, 0x80, 0x80, 0x80, 0x80, 0x80, 0x80, 0x80, 0x80, 0x80, 
  0x80, 0x80, 0x80, 0x80, 0x80, 0x80, 0x80, 0x80, 0x80, 0x80, 0x80, 0x80, 0x80, 0x80, 0x80, 0x80, 
  0x80, 0x80, 0x80, 0x80, 0x80, 0x80, 0x80, 0x80, 0x80, 0x80, 0x80, 0x80, 0x80, 0x80, 0x80, 0x80, 
  0x80, 0x80, 0x80, 0x80, 0x80, 0x80, 0x80, 0x80, 0x80, 0x80, 0x80, 0x80, 0x80, 0x80, 0x80, 0x80, 
  0x80, 0x80, 0x80, 0x80, 0x80, 0x80, 0x80, 0x80, 0x80, 0x80, 0x80, 0x80, 0x80, 0x80, 0x80, 0x80, 
  0x80, 0x80, 0x80, 0x80, 0x80, 0x80, 0x80, 0x80, 0x80, 0x80, 0x80, 0x80, 0x80, 0x80, 0x80, 0x80, 
  0x80, 0x80, 0x80, 0x80, 0x80, 0x80, 0x80, 0x80, 0x80, 0x80, 0x80, 0x80, 0x80, 0x80, 0x80, 0x80, 
  0x80, 0x80, 0x80, 0x80, 0x80, 0x80, 0x80, 0x80, 0x80, 0x80, 0x80, 0x80, 0x80, 0x80, 0x80, 0x80, 
  0x80, 0x80, 0x80, 0x80, 0x80, 0x80, 0x80, 0x80, 0x80, 0x80, 0x80, 0x80, 0x80, 0x80, 0x80, 0x80, 
  0x80, 0x80, 0x80, 0x80, 0x80, 0x80, 0x80, 0x80, 0x80, 0x80, 0x80, 0x80, 0x80, 0x80, 0x80, 0x80, 
  0x80, 0x80, 0x80, 0x80, 0x80, 0x80, 0x80, 0x80, 0x80, 0x80, 0x80, 0x80, 0x80, 0x80, 0x80, 0x80, 
  0x80, 0x80, 0x80, 0x80, 0x80, 0x80, 0x80, 0x80, 0x80, 0x80, 0x80, 0x80, 0x80, 0x80, 0x80, 0x80, 
  0x80, 0x80, 0x80, 0x80, 0x80, 0x80, 0x80, 0x80, 0x80, 0x80, 0x80, 0x80, 0x80, 0x80, 0x80, 0x80, 
  0x80, 0x80, 0x80, 0x80, 0x80, 0x80, 0x80, 0x80, 0x80, 0x80, 0x80, 0x80, 0x80, 0x80, 0x80, 0x80, 
  0x80, 0x80, 0x80, 0x80, 0x80, 0x80, 0x80, 0x80, 0x80, 0x80, 0x80, 0x80, 0x80, 0x80, 0x80, 0x80, 
  0x80, 0x80, 0x80, 0x80, 0x80, 0x80, 0x80, 0x80, 0x80, 0x80, 0x80, 0x80, 0x80, 0x80, 0x80, 0x80, 
  0x80, 0x80, 0x80, 0x80, 0x80, 0x80, 0x80, 0x80, 0x80, 0x80, 0x80, 0x80, 0x80, 0x80, 0x80, 0x80, 
  0x80, 0x80, 0x80, 0x80, 0x80, 0x80, 0x80, 0x80, 0x80, 0x80, 0x80, 0x80, 0x80, 0x80, 0x80, 0x80, 
  0x80, 0x80, 0x80, 0x80, 0x80, 0x80, 0x80, 0x80, 0x80, 0x80, 0x80, 0x80, 0x80, 0x80, 0x80, 0x80, 
  0x80, 0x80, 0x80, 0x80, 0x80, 0x80, 0x80, 0x80, 0x80, 0x80, 0x80, 0x80, 0x80, 0x80, 0x80, 0x80, 
  0x80, 0x80, 0x80, 0x80, 0x80, 0x80, 0x80, 0x80, 0x80, 0x80, 0x80, 0x80, 0x80, 0x80, 0x80, 0x80, 
  0x80, 0x80, 0x80, 0x80, 0x80, 0x80, 0x80, 0x80, 0x80, 0x80, 0x80, 0x80, 0x80, 0x80, 0x80, 0x80, 
  0x80, 0x80, 0x80, 0x80, 0x80, 0x80, 0x80, 0x80, 0x80, 0x80, 0x80, 0x80, 0x80, 0x80, 0x80, 0x80, 
  0x80, 0x81, 0x80, 0x80, 0x80, 0x80, 0x80, 0x80, 0x80, 0x80, 0x80, 0x80, 0x80, 0x80, 0x80, 0x80, 
  0x80, 0x80, 0x80, 0x80, 0x80, 0x80, 0x80, 0x80, 0x80, 0x80, 0x80, 0x80, 0x80, 0x80, 0x80, 0x80, 
  0x80, 0x80, 0x80, 0x80, 0x80, 0x80, 0x80, 0x80, 0x80, 0x80, 0x80, 0x80, 0x80, 0x80, 0x80, 0x80, 
  0x80, 0x80, 0x80, 0x80, 0x80, 0x80, 0x7f, 0x80, 0x80, 0x80, 0x80, 0x80, 0x80, 0x80, 0x80, 0x80, 
  0x80, 0x80, 0x80, 0x80, 0x80, 0x80, 0x80, 0x80, 0x80, 0x80, 0x80, 0x80, 0x80, 0x80, 0x80, 0x80, 
  0x80, 0x80, 0x80, 0x80, 0x80, 0x80, 0x80, 0x80, 0x80, 0x80, 0x80, 0x80, 0x80, 0x7f, 0x80, 0x80, 
  0x80, 0x80, 0x80, 0x80, 0x80, 0x80, 0x7f, 0x7f, 0x7f, 0x80, 0x80, 0x80, 0x80, 0x80, 0x80, 0x80, 
  0x80, 0x80, 0x80, 0x80, 0x80, 0x80, 0x80, 0x80, 0x80, 0x80, 0x7f, 0x7f, 0x80, 0x80, 0x80, 0x80, 
  0x80, 0x80, 0x7f, 0x7f, 0x80, 0x80, 0x80, 0x80, 0x7f, 0x7f, 0x7f, 0x7f, 0x7f, 0x7f, 0x80, 0x80, 
  0x80, 0x80, 0x80, 0x80, 0x80, 0x80, 0x80, 0x80, 0x80, 0x80, 0x80, 0x80, 0x80, 0x80, 0x80, 0x80, 
  0x80, 0x80, 0x80, 0x80, 0x80, 0x80, 0x80, 0x80, 0x81, 0x81, 0x81, 0x81, 0x81, 0x82, 0x82, 0x83, 
  0x83, 0x84, 0x84, 0x85, 0x85, 0x86, 0x86, 0x86, 0x86, 0x86, 0x86, 0x86, 0x86, 0x86, 0x85, 0x85, 
  0x85, 0x84, 0x84, 0x84, 0x83, 0x83, 0x83, 0x83, 0x83, 0x83, 0x83, 0x83, 0x83, 0x82, 0x82, 0x82, 
  0x82, 0x82, 0x82, 0x82, 0x81, 0x80, 0x80, 0x80, 0x7f, 0x7f, 0x7f, 0x7e, 0x7d, 0x7d, 0x7c, 0x7c, 
  0x7b, 0x7b, 0x7b, 0x7b, 0x7b, 0x7b, 0x7b, 0x7b, 0x7a, 0x7a, 0x7a, 0x7a, 0x7a, 0x7a, 0x7a, 0x7a, 
  0x7a, 0x7a, 0x7a, 0x79, 0x79, 0x7a, 0x79, 0x79, 0x79, 0x79, 0x79, 0x78, 0x78, 0x78, 0x79, 0x78, 
  0x77, 0x76, 0x74, 0x75, 0x75, 0x75, 0x75, 0x74, 0x74, 0x74, 0x74, 0x76, 0x77, 0x78, 0x76, 0x74, 
  0x73, 0x73, 0x74, 0x75, 0x77, 0x77, 0x76, 0x74, 0x74, 0x74, 0x75, 0x75, 0x75, 0x74, 0x74, 0x75, 
  0x77, 0x79, 0x7d, 0x88, 0x92, 0x99, 0x9d, 0x9d, 0x9c, 0x9a, 0x9a, 0x9b, 0x9d, 0xa0, 0xa1, 0xa1, 
  0x9f, 0x9c, 0x99, 0x93, 0x8d, 0x8a, 0x8a, 0x8a, 0x8b, 0x8b, 0x8c, 0x89, 0x87, 0x85, 0x83, 0x83, 
  0x85, 0x88, 0x8a, 0x8b, 0x8c, 0x8b, 0x89, 0x86, 0x85, 0x85, 0x84, 0x85, 0x85, 0x84, 0x83, 0x80, 
  0x7c, 0x79, 0x77, 0x77, 0x77, 0x77, 0x78, 0x78, 0x78, 0x77, 0x77, 0x77, 0x79, 0x7b, 0x7d, 0x80, 
  0x82, 0x84, 0x84, 0x84, 0x84, 0x85, 0x86, 0x88, 0x89, 0x89, 0x89, 0x87, 0x85, 0x83, 0x82, 0x81, 
  0x80, 0x80, 0x80, 0x7f, 0x7f, 0x7e, 0x7e, 0x7e, 0x7e, 0x7f, 0x81, 0x83, 0x84, 0x85, 0x86, 0x86, 
  0x86, 0x87, 0x87, 0x87, 0x87, 0x87, 0x87, 0x86, 0x83, 0x81, 0x80, 0x7f, 0x7e, 0x7e, 0x7d, 0x7b, 
  0x79, 0x78, 0x77, 0x77, 0x77, 0x77, 0x78, 0x78, 0x78, 0x79, 0x79, 0x78, 0x78, 0x77, 0x77, 0x78, 
  0x78, 0x78, 0x77, 0x77, 0x76, 0x74, 0x72, 0x71, 0x70, 0x70, 0x70, 0x71, 0x72, 0x71, 0x70, 0x6e, 
  0x6d, 0x6e, 0x6f, 0x70, 0x71, 0x70, 0x70, 0x6f, 0x6f, 0x6f, 0x6f, 0x70, 0x70, 0x70, 0x71, 0x73, 
  0x75, 0x77, 0x75, 0x74, 0x73, 0x73, 0x75, 0x76, 0x78, 0x78, 0x77, 0x76, 0x75, 0x73, 0x6f, 0x6c, 
  0x6c, 0x6b, 0x6d, 0x71, 0x75, 0x78, 0x7c, 0x85, 0x93, 0xa1, 0xa8, 0xaa, 0xaa, 0xaa, 0xab, 0xad, 
  0xae, 0xb0, 0xb1, 0xb1, 0xad, 0xa9, 0xa4, 0x9d, 0x94, 0x8c, 0x88, 0x87, 0x87, 0x87, 0x86, 0x85, 
  0x84, 0x82, 0x80, 0x81, 0x85, 0x8a, 0x8e, 0x92, 0x96, 0x98, 0x98, 0x96, 0x94, 0x93, 0x93, 0x93, 
  0x92, 0x90, 0x8d, 0x89, 0x83, 0x7d, 0x78, 0x73, 0x70, 0x6f, 0x6f, 0x70, 0x71, 0x72, 0x72, 0x72, 
  0x74, 0x77, 0x7b, 0x7f, 0x83, 0x87, 0x8a, 0x8b, 0x8b, 0x8c, 0x8b, 0x8b, 0x8a, 0x89, 0x89, 0x88, 
  0x85, 0x83, 0x80, 0x7c, 0x7a, 0x78, 0x77, 0x77, 0x77, 0x77, 0x78, 0x7a, 0x7c, 0x7d, 0x7e, 0x7f, 
  0x81, 0x83, 0x86, 0x88, 0x89, 0x8a, 0x89, 0x88, 0x87, 0x86, 0x84, 0x83, 0x81, 0x7f, 0x7e, 0x7d, 
  0x7b, 0x79, 0x78, 0x77, 0x76, 0x76, 0x77, 0x78, 0x79, 0x7b, 0x7d, 0x7e, 0x80, 0x81, 0x81, 0x81, 
  0x81, 0x81, 0x81, 0x81, 0x81, 0x80, 0x7e, 0x7d, 0x7b, 0x78, 0x77, 0x76, 0x75, 0x74, 0x74, 0x74, 
  0x73, 0x72, 0x71, 0x71, 0x72, 0x73, 0x74, 0x75, 0x76, 0x77, 0x77, 0x76, 0x76, 0x76, 0x76, 0x75, 
  0x75, 0x75, 0x75, 0x74, 0x71, 0x6e, 0x6c, 0x6b, 0x6c, 0x6b, 0x6c, 0x6b, 0x6b, 0x6b, 0x6c, 0x6e, 
  0x70, 0x71, 0x70, 0x6f, 0x6f, 0x72, 0x75, 0x77, 0x76, 0x75, 0x73, 0x73, 0x72, 0x72, 0x70, 0x6e, 
  0x6c, 0x6c, 0x6c, 0x6f, 0x73, 0x78, 0x79, 0x7f, 0x91, 0xa7, 0xb3, 0xb4, 0xae, 0xaa, 0xaa, 0xae, 
  0xb1, 0xb1, 0xb1, 0xb4, 0xb2, 0xab, 0xa2, 0x9c, 0x93, 0x88, 0x80, 0x7f, 0x84, 0x88, 0x87, 0x84, 
  0x81, 0x81, 0x82, 0x81, 0x82, 0x88, 0x90, 0x96, 0x99, 0x9c, 0x9d, 0x9c, 0x98, 0x93, 0x90, 0x8f, 
  0x8f, 0x8e, 0x8a, 0x86, 0x81, 0x7b, 0x74, 0x6d, 0x6a, 0x68, 0x69, 0x6b, 0x6d, 0x70, 0x72, 0x73, 
  0x74, 0x76, 0x79, 0x7d, 0x82, 0x87, 0x8c, 0x8f, 0x90, 0x90, 0x8f, 0x8e, 0x8c, 0x89, 0x88, 0x87, 
  0x87, 0x86, 0x82, 0x7f, 0x7a, 0x77, 0x74, 0x73, 0x73, 0x74, 0x76, 0x78, 0x7b, 0x7e, 0x80, 0x81, 
  0x82, 0x83, 0x85, 0x89, 0x8d, 0x8e, 0x8f, 0x8d, 0x8b, 0x88, 0x86, 0x84, 0x82, 0x80, 0x7e, 0x7d, 
  0x7c, 0x7b, 0x78, 0x75, 0x72, 0x72, 0x72, 0x73, 0x75, 0x78, 0x7a, 0x7b, 0x7c, 0x7e, 0x80, 0x83, 
  0x83, 0x83, 0x84, 0x85, 0x85, 0x84, 0x82, 0x7f, 0x7d, 0x7b, 0x79, 0x77, 0x76, 0x75, 0x74, 0x74, 
  0x74, 0x73, 0x73, 0x73, 0x72, 0x73, 0x74, 0x76, 0x76, 0x76, 0x76, 0x77, 0x78, 0x78, 0x78, 0x76, 
  0x75, 0x75, 0x75, 0x74, 0x74, 0x72, 0x70, 0x6e, 0x6d, 0x6c, 0x6c, 0x6a, 0x6a, 0x69, 0x69, 0x69, 
  0x6b, 0x6c, 0x6d, 0x6e, 0x70, 0x71, 0x74, 0x76, 0x75, 0x75, 0x75, 0x76, 0x76, 0x76, 0x76, 0x76, 
  0x73, 0x70, 0x6c, 0x6b, 0x6b, 0x6c, 0x6b, 0x6a, 0x6a, 0x6f, 0x73, 0x76, 0x79, 0x83, 0x9c, 0xb4, 
  0xc2, 0xbe, 0xb7, 0xb0, 0xaf, 0xb1, 0xb2, 0xb0, 0xb3, 0xb6, 0xb7, 0xb0, 0xa7, 0x9b, 0x8d, 0x7e, 
  0x77, 0x7a, 0x80, 0x87, 0x87, 0x86, 0x85, 0x87, 0x85, 0x80, 0x7e, 0x81, 0x8c, 0x96, 0x9e, 0xa5, 
  0xa8, 0xa8, 0xa3, 0x9b, 0x94, 0x91, 0x90, 0x8f, 0x8d, 0x8a, 0x88, 0x82, 0x7b, 0x71, 0x69, 0x64, 
  0x64, 0x67, 0x6b, 0x70, 0x73, 0x75, 0x78, 0x78, 0x7a, 0x7c, 0x7f, 0x85, 0x8d, 0x92, 0x94, 0x93, 
  0x91, 0x8e, 0x8a, 0x88, 0x87, 0x87, 0x86, 0x83, 0x80, 0x7e, 0x7d, 0x7b, 0x77, 0x73, 0x71, 0x72, 
  0x73, 0x75, 0x76, 0x78, 0x7b, 0x7e, 0x81, 0x83, 0x83, 0x83, 0x83, 0x84, 0x86, 0x88, 0x87, 0x87, 
  0x85, 0x84, 0x82, 0x80, 0x7e, 0x7b, 0x79, 0x79, 0x78, 0x78, 0x78, 0x78, 0x77, 0x77, 0x79, 0x7c, 
  0x7c, 0x7c, 0x7b, 0x7b, 0x7c, 0x7e, 0x80, 0x81, 0x81, 0x82, 0x82, 0x81, 0x80, 0x7f, 0x7e, 0x7d, 
  0x7d, 0x7c, 0x7b, 0x7a, 0x79, 0x77, 0x75, 0x72, 0x71, 0x71, 0x71, 0x71, 0x72, 0x73, 0x74, 0x74, 
  0x74, 0x74, 0x75, 0x75, 0x75, 0x75, 0x76, 0x77, 0x76, 0x74, 0x73, 0x71, 0x71, 0x70, 0x70, 0x70, 
  0x70, 0x6f, 0x70, 0x70, 0x71, 0x71, 0x71, 0x71, 0x71, 0x72, 0x72, 0x73, 0x74, 0x75, 0x76, 0x78, 
  0x79, 0x79, 0x79, 0x79, 0x79, 0x7a, 0x7b, 0x7b, 0x7b, 0x79, 0x78, 0x78, 0x79, 0x7b, 0x7b, 0x79, 
  0x75, 0x72, 0x72, 0x74, 0x76, 0x76, 0x74, 0x73, 0x72, 0x72, 0x6f, 0x70, 0x7c, 0x93, 0xad, 0xbc, 
  0xbf, 0xb7, 0xb0, 0xab, 0xa8, 0xa4, 0xa0, 0xa3, 0xa9, 0xaf, 0xae, 0xaa, 0xa2, 0x97, 0x8b, 0x80, 
  0x7b, 0x7a, 0x7e, 0x82, 0x88, 0x8e, 0x94, 0x95, 0x90, 0x89, 0x85, 0x86, 0x8b, 0x91, 0x9a, 0xa1, 
  0xa7, 0xa9, 0xa6, 0x9d, 0x94, 0x8c, 0x84, 0x7f, 0x7e, 0x81, 0x85, 0x86, 0x83, 0x7d, 0x76, 0x70, 
  0x6b, 0x67, 0x67, 0x6a, 0x71, 0x7a, 0x80, 0x85, 0x86, 0x84, 0x81, 0x7f, 0x7d, 0x7d, 0x80, 0x83, 
  0x86, 0x8a, 0x8c, 0x8d, 0x8b, 0x87, 0x82, 0x7d, 0x7b, 0x7a, 0x7b, 0x7d, 0x7f, 0x81, 0x80, 0x7e, 
  0x7c, 0x79, 0x77, 0x77, 0x77, 0x79, 0x7c, 0x7f, 0x80, 0x80, 0x7d, 0x7c, 0x7b, 0x79, 0x78, 0x77, 
  0x78, 0x7a, 0x7c, 0x7e, 0x7e, 0x7d, 0x7c, 0x7a, 0x79, 0x79, 0x7a, 0x7b, 0x7d, 0x7f, 0x81, 0x82, 
  0x82, 0x82, 0x81, 0x7f, 0x7e, 0x7d, 0x7d, 0x7d, 0x7d, 0x7d, 0x7d, 0x7d, 0x7d, 0x7d, 0x7c, 0x7c, 
  0x7d, 0x7d, 0x7d, 0x7e, 0x7f, 0x7f, 0x7e, 0x7d, 0x7d, 0x7b, 0x7a, 0x78, 0x77, 0x76, 0x76, 0x75, 
  0x75, 0x74, 0x74, 0x73, 0x72, 0x71, 0x71, 0x70, 0x71, 0x71, 0x71, 0x72, 0x72, 0x71, 0x72, 0x72, 
  0x73, 0x73, 0x74, 0x74, 0x76, 0x77, 0x78, 0x78, 0x78, 0x78, 0x79, 0x79, 0x79, 0x79, 0x79, 0x79, 
  0x79, 0x7b, 0x7c, 0x7e, 0x7e, 0x7f, 0x7e, 0x7f, 0x80, 0x80, 0x80, 0x81, 0x81, 0x81, 0x81, 0x82, 
  0x83, 0x82, 0x81, 0x80, 0x80, 0x81, 0x81, 0x81, 0x82, 0x83, 0x84, 0x84, 0x84, 0x83, 0x80, 0x80, 
  0x7f, 0x7e, 0x7f, 0x80, 0x81, 0x80, 0x80, 0x80, 0x7e, 0x7b, 0x7a, 0x79, 0x78, 0x7a, 0x7c, 0x82, 
  0x8a, 0x91, 0x97, 0x9b, 0x9c, 0x9b, 0x98, 0x96, 0x92, 0x90, 0x91, 0x92, 0x94, 0x98, 0x9a, 0x9a, 
  0x97, 0x93, 0x91, 0x8f, 0x8e, 0x8d, 0x8d, 0x90, 0x91, 0x92, 0x96, 0x95, 0x90, 0x8d, 0x8a, 0x87, 
  0x86, 0x87, 0x87, 0x86, 0x89, 0x8a, 0x89, 0x89, 0x86, 0x83, 0x80, 0x7e, 0x80, 0x80, 0x81, 0x82, 
  0x83, 0x84, 0x82, 0x81, 0x80, 0x7d, 0x7b, 0x7a, 0x7b, 0x7b, 0x7a, 0x7c, 0x7d, 0x7b, 0x7c, 0x7c, 
  0x7c, 0x7a, 0x78, 0x79, 0x7a, 0x7a, 0x7b, 0x7d, 0x7c, 0x7b, 0x7b, 0x7c, 0x7b, 0x7d, 0x7e, 0x7f, 
  0x81, 0x82, 0x83, 0x82, 0x81, 0x81, 0x7f, 0x7d, 0x7f, 0x7e, 0x7d, 0x7d, 0x80, 0x7d, 0x7a, 0x7e, 
  0x7d, 0x7c, 0x7b, 0x7c, 0x7e, 0x7c, 0x7c, 0x81, 0x7e, 0x7c, 0x7d, 0x7d, 0x7e, 0x7b, 0x7a, 0x7f, 
  0x7c, 0x7a, 0x7d, 0x7e, 0x7f, 0x7d, 0x7f, 0x82, 0x7f, 0x78, 0x7c, 0x7c, 0x77, 0x77, 0x79, 0x7a, 
  0x77, 0x7b, 0x7c, 0x78, 0x76, 0x7a, 0x79, 0x79, 0x79, 0x72, 0x7a, 0x7c, 0x72, 0x7e, 0x81, 0x79, 
  0x78, 0x81, 0x78, 0x78, 0x7d, 0x77, 0x7f, 0x76, 0x7c, 0x78, 0x7e, 0x7a, 0x77, 0x7c, 0x7a, 0x7b, 
  0x7d, 0x7b, 0x80, 0x79, 0x7c, 0x87, 0x78, 0x78, 0x83, 0x7f, 0x71, 0x78, 0x88, 0x76, 0x76, 0x82, 
  0x80, 0x7a, 0x79, 0x84, 0x7e, 0x7c, 0x7a, 0x82, 0x88, 0x77, 0x82, 0x88, 0x80, 0x7f, 0x82, 0x83, 
  0x81, 0x7d, 0x85, 0x81, 0x7b, 0x85, 0x84, 0x81, 0x80, 0x7d, 0x8d, 0x7f, 0x7a, 0x8d, 0x83, 0x81, 
  0x84, 0x7e, 0x91, 0x84, 0x75, 0x8f, 0x84, 0x7b, 0x87, 0x85, 0x8a, 0x7b, 0x7f, 0x8d, 0x8a, 0x73, 
  0x88, 0x8f, 0x7a, 0x8c, 0x81, 0x87, 0x8a, 0x81, 0x7b, 0x8d, 0x85, 0x74, 0x8c, 0x8a, 0x7f, 0x7f, 
  0x8b, 0x92, 0x7a, 0x83, 0x93, 0x82, 0x82, 0x88, 0x87, 0x8f, 0x82, 0x7f, 0x93, 0x86, 0x7d, 0x85, 
  0x94, 0x7b, 0x7f, 0x8d, 0x89, 0x7b, 0x8a, 0x8b, 0x84, 0x7f, 0x8d, 0x81, 0x83, 0x87, 0x82, 0x87, 
  0x7a, 0x8e, 0x80, 0x84, 0x83, 0x81, 0x85, 0x7b, 0x86, 0x77, 0x89, 0x7e, 0x7b, 0x81, 0x86, 0x7e, 
  0x7b, 0x8a, 0x7e, 0x7c, 0x7e, 0x8c, 0x79, 0x7b, 0x87, 0x7d, 0x7e, 0x82, 0x84, 0x76, 0x89, 0x7d, 
  0x7a, 0x88, 0x82, 0x70, 0x91, 0x7f, 0x77, 0x82, 0x84, 0x7d, 0x77, 0x88, 0x7b, 0x82, 0x73, 0x8b, 
  0x7e, 0x71, 0x87, 0x7e, 0x74, 0x88, 0x78, 0x80, 0x79, 0x88, 0x6c, 0x8a, 0x77, 0x7b, 0x7b, 0x7f, 
  0x7e, 0x74, 0x87, 0x72, 0x7a, 0x8c, 0x6d, 0x7f, 0x8b, 0x6e, 0x7f, 0x82, 0x74, 0x7e, 0x7e, 0x7d, 
  0x75, 0x81, 0x78, 0x81, 0x74, 0x86, 0x70, 0x80, 0x7f, 0x74, 0x87, 0x6b, 0x8c, 0x75, 0x73, 0x8d, 
  0x70, 0x7e, 0x7b, 0x7f, 0x7d, 0x73, 0x87, 0x7c, 0x77, 0x7b, 0x86, 0x74, 0x7b, 0x8c, 0x6a, 0x86, 
  0x82, 0x76, 0x7b, 0x8b, 0x77, 0x76, 0x8c, 0x78, 0x7f, 0x82, 0x76, 0x80, 0x8d, 0x66, 0x8b, 0x88, 
  0x70, 0x83, 0x83, 0x88, 0x6d, 0x87, 0x91, 0x68, 0x89, 0x82, 0x82, 0x78, 0x89, 0x80, 0x7d, 0x87, 
  0x78, 0x90, 0x70, 0x86, 0x8d, 0x6f, 0x8e, 0x7c, 0x83, 0x86, 0x7c, 0x85, 0x7f, 0x7f, 0x88, 0x7f, 
  0x82, 0x81, 0x84, 0x7e, 0x87, 0x79, 0x8b, 0x7f, 0x7f, 0x88, 0x7c, 0x88, 0x82, 0x7f, 0x84, 0x83, 
  0x83, 0x80, 0x86, 0x85, 0x79, 0x8e, 0x77, 0x8d, 0x7d, 0x81, 0x89, 0x7d, 0x85, 0x81, 0x88, 0x78, 
  0x8f, 0x74, 0x8c, 0x80, 0x80, 0x85, 0x82, 0x84, 0x7b, 0x8d, 0x7a, 0x81, 0x8d, 0x75, 0x8b, 0x83, 
  0x79, 0x8b, 0x78, 0x8a, 0x7a, 0x8c, 0x76, 0x81, 0x89, 0x80, 0x78, 0x85, 0x8c, 0x71, 0x86, 0x87, 
  0x73, 0x91, 0x76, 0x80, 0x85, 0x7e, 0x7b, 0x89, 0x7a, 0x7e, 0x83, 0x7e, 0x84, 0x78, 0x85, 0x82, 
  0x7a, 0x81, 0x7d, 0x84, 0x7b, 0x7b, 0x88, 0x7d, 0x78, 0x88, 0x75, 0x88, 0x79, 0x79, 0x8d, 0x72, 
  0x85, 0x7d, 0x7c, 0x80, 0x82, 0x77, 0x81, 0x83, 0x79, 0x7a, 0x86, 0x7a, 0x7e, 0x76, 0x8d, 0x78, 
  0x77, 0x87, 0x7b, 0x7d, 0x78, 0x8a, 0x73, 0x81, 0x7d, 0x7e, 0x80, 0x7a, 0x84, 0x7c, 0x80, 0x78, 
  0x85, 0x7e, 0x7e, 0x80, 0x77, 0x8c, 0x75, 0x7b, 0x85, 0x7f, 0x80, 0x74, 0x90, 0x73, 0x7b, 0x8e, 
  0x6f, 0x89, 0x78, 0x8c, 0x71, 0x82, 0x88, 0x75, 0x82, 0x7d, 0x8a, 0x6d, 0x92, 0x77, 0x7f, 0x89, 
  0x71, 0x8c, 0x76, 0x86, 0x86, 0x72, 0x8d, 0x78, 0x81, 0x86, 0x7c, 0x80, 0x8a, 0x71, 0x8b, 0x86, 
  0x74, 0x89, 0x82, 0x7b, 0x84, 0x7f, 0x80, 0x82, 0x80, 0x7d, 0x89, 0x7a, 0x7e, 0x90, 0x72, 0x87, 
  0x82, 0x7c, 0x86, 0x82, 0x77, 0x8b, 0x86, 0x72, 0x89, 0x88, 0x73, 0x8b, 0x84, 0x73, 0x89, 0x84, 
  0x7a, 0x7f, 0x8f, 0x76, 0x7c, 0x90, 0x77, 0x7b, 0x8e, 0x7c, 0x7e, 0x83, 0x81, 0x82, 0x82, 0x7e, 
  0x84, 0x80, 0x79, 0x94, 0x6b, 0x8c, 0x7e, 0x7b, 0x8f, 0x6c, 0x93, 0x74, 0x88, 0x81, 0x7e, 0x77, 
  0x90, 0x75, 0x83, 0x83, 0x7c, 0x84, 0x80, 0x78, 0x8c, 0x7b, 0x77, 0x8f, 0x79, 0x82, 0x7c, 0x83, 
  0x88, 0x6c, 0x91, 0x7d, 0x78, 0x8b, 0x71, 0x93, 0x73, 0x86, 0x7c, 0x83, 0x7d, 0x7f, 0x84, 0x7a, 
  0x85, 0x7d, 0x81, 0x80, 0x7e, 0x86, 0x7a, 0x7f, 0x89, 0x73, 0x84, 0x89, 0x78, 0x81, 0x81, 0x81, 
  0x7f, 0x7f, 0x84, 0x7d, 0x7d, 0x83, 0x87, 0x71, 0x8d, 0x77, 0x88, 0x7c, 0x7d, 0x89, 0x79, 0x84, 
  0x7b, 0x82, 0x87, 0x74, 0x86, 0x7e, 0x87, 0x75, 0x87, 0x7f, 0x7c, 0x85, 0x7e, 0x88, 0x6c, 0x93, 
  0x80, 0x6d, 0x93, 0x7b, 0x71, 0x90, 0x80, 0x74, 0x8a, 0x83, 0x76, 0x85, 0x7c, 0x87, 0x78, 0x83, 
  0x83, 0x7d, 0x81, 0x7a, 0x8a, 0x77, 0x7f, 0x8a, 0x74, 0x83, 0x89, 0x70, 0x86, 0x82, 0x82, 0x77, 
  0x87, 0x7d, 0x7f, 0x81, 0x7d, 0x81, 0x82, 0x75, 0x8a, 0x82, 0x6f, 0x98, 0x75, 0x76, 0x8b, 0x7b, 
  0x87, 0x77, 0x83, 0x85, 0x79, 0x82, 0x81, 0x82, 0x79, 0x82, 0x8a, 0x74, 0x8a, 0x71, 0x92, 0x72, 
  0x83, 0x83, 0x7c, 0x88, 0x74, 0x8c, 0x82, 0x73, 0x8b, 0x82, 0x78, 0x7f, 0x92, 0x6b, 0x82, 0x97, 
  0x61, 0x92, 0x7f, 0x7c, 0x88, 0x77, 0x81, 0x88, 0x7b, 0x7b, 0x83, 0x81, 0x7d, 0x83, 0x80, 0x7c, 
  0x87, 0x7e, 0x7e, 0x85, 0x7a, 0x86, 0x80, 0x7f, 0x7d, 0x87, 0x7a, 0x88, 0x73, 0x8c, 0x7f, 0x73, 
  0x8d, 0x7e, 0x7c, 0x7f, 0x8b, 0x6a, 0x94, 0x74, 0x80, 0x88, 0x77, 0x8a, 0x7a, 0x7c, 0x87, 0x7f, 
  0x7c, 0x85, 0x81, 0x79, 0x86, 0x8b, 0x65, 0x93, 0x83, 0x73, 0x87, 0x7c, 0x8d, 0x71, 0x84, 0x84, 
  0x7d, 0x7d, 0x81, 0x7f, 0x88, 0x76, 0x87, 0x7e, 0x79, 0x86, 0x84, 0x78, 0x7f, 0x8b, 0x71, 0x86, 
  0x84, 0x78, 0x83, 0x87, 0x77, 0x7d, 0x8f, 0x6f, 0x82, 0x89, 0x74, 0x84, 0x87, 0x79, 0x80, 0x84, 
  0x7d, 0x80, 0x82, 0x75, 0x90, 0x79, 0x7d, 0x84, 0x7b, 0x86, 0x78, 0x83, 0x82, 0x7b, 0x83, 0x7b, 
  0x87, 0x78, 0x8a, 0x7c, 0x7d, 0x81, 0x84, 0x7a, 0x86, 0x7d, 0x7f, 0x83, 0x75, 0x8d, 0x77, 0x7f, 
  0x88, 0x74, 0x86, 0x89, 0x78, 0x7e, 0x8d, 0x72, 0x83, 0x82, 0x7c, 0x88, 0x7a, 0x7a, 0x8a, 0x7a, 
  0x81, 0x7e, 0x88, 0x73, 0x80, 0x96, 0x6a, 0x83, 0x88, 0x7d, 0x82, 0x78, 0x86, 0x7b, 0x83, 0x80, 
  0x81, 0x7b, 0x8a, 0x7a, 0x83, 0x7d, 0x81, 0x89, 0x71, 0x8f, 0x7e, 0x7a, 0x84, 0x7e, 0x87, 0x79, 
  0x84, 0x7c, 0x8f, 0x6e, 0x8b, 0x84, 0x76, 0x87, 0x84, 0x72, 0x90, 0x7b, 0x7d, 0x86, 0x81, 0x7b, 
  0x81, 0x82, 0x82, 0x7b, 0x7b, 0x90, 0x6e, 0x89, 0x88, 0x6d, 0x94, 0x7f, 0x79, 0x85, 0x85, 0x7b, 
  0x7e, 0x85, 0x7f, 0x82, 0x81, 0x7e, 0x7c, 0x84, 0x7e, 0x7f, 0x87, 0x78, 0x8d, 0x7a, 0x76, 0x95, 
  0x70, 0x7f, 0x8a, 0x7b, 0x7c, 0x84, 0x84, 0x78, 0x7e, 0x89, 0x7d, 0x77, 0x86, 0x8a, 0x75, 0x79, 
  0x95, 0x79, 0x78, 0x85, 0x84, 0x79, 0x85, 0x82, 0x79, 0x82, 0x7f, 0x81, 0x81, 0x81, 0x7e, 0x84, 
  0x7f, 0x7b, 0x81, 0x87, 0x77, 0x83, 0x89, 0x6f, 0x8d, 0x79, 0x7b, 0x8c, 0x74, 0x85, 0x81, 0x7f, 
  0x81, 0x81, 0x76, 0x8b, 0x7d, 0x7a, 0x89, 0x78, 0x86, 0x7a, 0x85, 0x84, 0x77, 0x8a, 0x76, 0x82, 
  0x82, 0x7d, 0x7d, 0x87, 0x7d, 0x7d, 0x8a, 0x79, 0x79, 0x92, 0x7e, 0x77, 0x82, 0x8e, 0x75, 0x85, 
  0x84, 0x7f, 0x7f, 0x7f, 0x87, 0x75, 0x8a, 0x75, 0x86, 0x84, 0x7f, 0x84, 0x73, 0x8c, 0x7c, 0x76, 
  0x8b, 0x7d, 0x7d, 0x84, 0x7f, 0x7c, 0x83, 0x87, 0x80, 0x73, 0x86, 0x8c, 0x75, 0x79, 0x92, 0x82, 
  0x6e, 0x8b, 0x89, 0x7d, 0x67, 0x9d, 0x83, 0x65, 0x8a, 0x8e, 0x73, 0x7d, 0x87, 0x84, 0x78, 0x81, 
  0x85, 0x7c, 0x80, 0x7e, 0x8a, 0x74, 0x82, 0x84, 0x79, 0x89, 0x78, 0x7c, 0x8c, 0x72, 0x82, 0x84, 
  0x7d, 0x7e, 0x88, 0x7d, 0x7a, 0x84, 0x82, 0x76, 0x84, 0x89, 0x74, 0x85, 0x82, 0x77, 0x8b, 0x80, 
  0x78, 0x7c, 0x8d, 0x7d, 0x78, 0x82, 0x86, 0x7a, 0x73, 0x8b, 0x96, 0x60, 0x78, 0xa5, 0x66, 0x78, 
  0x9d, 0x71, 0x76, 0x8b, 0x84, 0x7d, 0x6d, 0x8d, 0x8b, 0x69, 0x85, 0x8c, 0x70, 0x7b, 0x8c, 0x7b, 
  0x7c, 0x7b, 0x97, 0x75, 0x6c, 0xa3, 0x7a, 0x68, 0x82, 0x9a, 0x67, 0x76, 0x85, 0x8d, 0x6b, 0x81, 
  0x8e, 0x73, 0x8c, 0x7d, 0x7c, 0x8b, 0x7b, 0x79, 0x8f, 0x8a, 0x7d, 0x84, 0x8e, 0x8b, 0x65, 0x7a, 
  0xab, 0x5c, 0x75, 0x9c, 0x7a, 0x68, 0x7e, 0x9a, 0x79, 0x6e, 0x8a, 0x8a, 0x6a, 0x8d, 0x9e, 0x5e, 
  0x7f, 0xa3, 0x7a, 0x75, 0x8b, 0x94, 0x71, 0x7a, 0x8c, 0x89, 0x6f, 0x76, 0xab, 0x71, 0x75, 0x90, 
  0x93, 0x7c, 0x76, 0x92, 0x8a, 0x64, 0x86, 0x8d, 0x7a, 0x70, 0x85, 0x81, 0x6c, 0x79, 0x81, 0x84, 
  0x6d, 0x7b, 0x8e, 0x77, 0x7d, 0x87, 0x7f, 0x6f, 0x90, 0x7c, 0x70, 0x87, 0x87, 0x7e, 0x79, 0x80, 
  0x9f, 0x7c, 0x71, 0x98, 0x86, 0x79, 0x7f, 0x8d, 0x80, 0x77, 0x84, 0x87, 0x70, 0x76, 0x8d, 0x7c, 
  0x73, 0x85, 0x83, 0x6d, 0x7d, 0x8b, 0x7c, 0x78, 0x7e, 0x88, 0x7e, 0x7b, 0x83, 0x89, 0x86, 0x73, 
  0x8b, 0x8a, 0x77, 0x7c, 0x8a, 0x72, 0x7b, 0x88, 0x7c, 0x7e, 0x7c, 0x8b, 0x7f, 0x7d, 0x88, 0x84, 
  0x79, 0x82, 0x88, 0x88, 0x8a, 0x77, 0x83, 0x8e, 0x85, 0x7e, 0x79, 0x84, 0x7b, 0x78, 0x7c, 0x76, 
  0x81, 0x77, 0x78, 0x84, 0x7d, 0x7c, 0x7f, 0x7c, 0x81, 0x7e, 0x7b, 0x90, 0x7a, 0x78, 0x84, 0x7f, 
  0x7a, 0x87, 0x81, 0x79, 0x7f, 0x83, 0x82, 0x77, 0x7f, 0x8a, 0x7e, 0x75, 0x84, 0x89, 0x7b, 0x79, 
  0x82, 0x7a, 0x77, 0x89, 0x7f, 0x74, 0x7f, 0x87, 0x80, 0x77, 0x7d, 0x7f, 0x87, 0x75, 0x82, 0x7e, 
  0x80, 0x86, 0x7f, 0x78, 0x83, 0x89, 0x7f, 0x7b, 0x7e, 0x7d, 0x82, 0x81, 0x81, 0x82, 0x79, 0x7e, 
  0x84, 0x7a, 0x7d, 0x83, 0x7c, 0x7a, 0x82, 0x89, 0x7c, 0x7b, 0x8a, 0x85, 0x76, 0x82, 0x89, 0x7f, 
  0x79, 0x84, 0x85, 0x7e, 0x7c, 0x82, 0x89, 0x79, 0x7d, 0x83, 0x87, 0x79, 0x81, 0x89, 0x7d, 0x7e, 
  0x82, 0x87, 0x82, 0x78, 0x84, 0x7f, 0x7c, 0x81, 0x85, 0x82, 0x78, 0x81, 0x83, 0x7f, 0x81, 0x83, 
  0x81, 0x83, 0x82, 0x80, 0x84, 0x88, 0x81, 0x7e, 0x82, 0x88, 0x81, 0x7f, 0x84, 0x87, 0x82, 0x83, 
  0x86, 0x83, 0x85, 0x84, 0x81, 0x80, 0x84, 0x83, 0x82, 0x7e, 0x7f, 0x82, 0x82, 0x80, 0x82, 0x7f, 
  0x80, 0x82, 0x83, 0x82, 0x81, 0x82, 0x82, 0x82, 0x80, 0x7f, 0x82, 0x7f, 0x7c, 0x7d, 0x7e, 0x80, 
  0x80, 0x7e, 0x7b, 0x7c, 0x7b, 0x7b, 0x7b, 0x77, 0x79, 0x7b, 0x7d, 0x7c, 0x7e, 0x7f, 0x7d, 0x7b, 
  0x7a, 0x7c, 0x7d, 0x7c, 0x7a, 0x7a, 0x7c, 0x7b, 0x7d, 0x7d, 0x7b, 0x7b, 0x79, 0x7a, 0x7b, 0x7d, 
  0x7b, 0x7a, 0x7c, 0x7e, 0x7e, 0x7c, 0x7c, 0x7a, 0x79, 0x78, 0x79, 0x7c, 0x7f, 0x7d, 0x7c, 0x7c, 
  0x7c, 0x80, 0x7f, 0x7d, 0x7b, 0x7d, 0x7d, 0x7f, 0x7f, 0x7d, 0x7c, 0x7a, 0x7c, 0x7c, 0x7b, 0x7b, 
  0x7b, 0x79, 0x79, 0x7a, 0x7a, 0x79, 0x77, 0x76, 0x78, 0x7e, 0x87, 0x8c, 0x8c, 0x8c, 0x8f, 0x91, 
  0x92, 0x92, 0x8e, 0x8b, 0x8b, 0x90, 0x95, 0x97, 0x97, 0x95, 0x92, 0x8e, 0x8c, 0x8b, 0x87, 0x83, 
  0x81, 0x82, 0x86, 0x89, 0x8b, 0x88, 0x84, 0x81, 0x82, 0x82, 0x7f, 0x7e, 0x7e, 0x80, 0x84, 0x89, 
  0x8b, 0x8b, 0x89, 0x85, 0x83, 0x84, 0x83, 0x82, 0x82, 0x82, 0x84, 0x86, 0x89, 0x89, 0x87, 0x83, 
  0x80, 0x7e, 0x7d, 0x7e, 0x7d, 0x7c, 0x7e, 0x7f, 0x82, 0x83, 0x81, 0x7f, 0x7e, 0x7c, 0x7c, 0x7d, 
  0x7d, 0x7e, 0x7f, 0x81, 0x82, 0x83, 0x80, 0x7f, 0x7e, 0x7b, 0x7b, 0x7b, 0x7c, 0x7d, 0x7e, 0x7e, 
  0x7d, 0x7d, 0x7d, 0x7d, 0x7b, 0x79, 0x79, 0x79, 0x7a, 0x7b, 0x7c, 0x7b, 0x7a, 0x7b, 0x7c, 0x7b, 
  0x7a, 0x7a, 0x7a, 0x7a, 0x7a, 0x7a, 0x7b, 0x7b, 0x7c, 0x7d, 0x7d, 0x7e, 0x7e, 0x7e, 0x7d, 0x7c, 
  0x7c, 0x7c, 0x7c, 0x7b, 0x7c, 0x7c, 0x7d, 0x7f, 0x7f, 0x7e, 0x7d, 0x7d, 0x7d, 0x7e, 0x80, 0x81, 
  0x82, 0x83, 0x84, 0x85, 0x86, 0x87, 0x86, 0x86, 0x85, 0x85, 0x86, 0x86, 0x87, 0x87, 0x87, 0x86, 
  0x86, 0x86, 0x85, 0x85, 0x84, 0x83, 0x83, 0x82, 0x83, 0x83, 0x83, 0x83, 0x83, 0x83, 0x83, 0x82, 
  0x81, 0x81, 0x7f, 0x7f, 0x7e, 0x7d, 0x7c, 0x7b, 0x7b, 0x7c, 0x7d, 0x7e, 0x7e, 0x7f, 0x7f, 0x7f, 
  0x7f, 0x7d, 0x7c, 0x7a, 0x79, 0x79, 0x7a, 0x7a, 0x7c, 0x7d, 0x7e, 0x7e, 0x7e, 0x7e, 0x7c, 0x7c, 
  0x7a, 0x7a, 0x7a, 0x7a, 0x7b, 0x7b, 0x7b, 0x7b, 0x7b, 0x7a, 0x79, 0x78, 0x78, 0x78, 0x79, 0x7a, 
  0x7b, 0x7d, 0x7d, 0x7e, 0x7e, 0x7e, 0x7d, 0x7c, 0x7b, 0x7a, 0x7a, 0x7a, 0x7b, 0x7c, 0x7c, 0x7d, 
  0x7e, 0x7f, 0x7f, 0x7f, 0x7f, 0x7e, 0x7f, 0x7f, 0x7f, 0x80, 0x80, 0x81, 0x81, 0x81, 0x81, 0x80, 
  0x7e, 0x7c, 0x7a, 0x78, 0x76, 0x76, 0x76, 0x78, 0x7c, 0x82, 0x88, 0x8d, 0x8f, 0x90, 0x91, 0x92, 
  0x92, 0x91, 0x8f, 0x8e, 0x8e, 0x8f, 0x8f, 0x90, 0x90, 0x90, 0x8f, 0x8d, 0x8b, 0x89, 0x87, 0x86, 
  0x85, 0x85, 0x85, 0x84, 0x84, 0x85, 0x85, 0x84, 0x83, 0x82, 0x82, 0x81, 0x81, 0x82, 0x84, 0x85, 
  0x86, 0x87, 0x88, 0x88, 0x88, 0x88, 0x86, 0x84, 0x82, 0x82, 0x81, 0x81, 0x81, 0x81, 0x81, 0x81, 
  0x82, 0x80, 0x7f, 0x7d, 0x7c, 0x7b, 0x7b, 0x7b, 0x7a, 0x7a, 0x7b, 0x7c, 0x7d, 0x7d, 0x7d, 0x7d, 
  0x7c, 0x7c, 0x7c, 0x7c, 0x7d, 0x7e, 0x7f, 0x7f, 0x7f, 0x7f, 0x7f, 0x7f, 0x7f, 0x7f, 0x7e, 0x7e, 
  0x7d, 0x7d, 0x7d, 0x7d, 0x7c, 0x7c, 0x7b, 0x7b, 0x7b, 0x7a, 0x7a, 0x7a, 0x7a, 0x7a, 0x7a, 0x7a, 
  0x7a, 0x7a, 0x7a, 0x7b, 0x7b, 0x7c, 0x7c, 0x7c, 0x7d, 0x7c, 0x7d, 0x7c, 0x7c, 0x7b, 0x7a, 0x7a, 
  0x7a, 0x7a, 0x7b, 0x7d, 0x7d, 0x7e, 0x7f, 0x80, 0x82, 0x83, 0x84, 0x85, 0x85, 0x86, 0x86, 0x86, 
  0x87, 0x86, 0x87, 0x87, 0x87, 0x86, 0x85, 0x86, 0x85, 0x85, 0x84, 0x84, 0x83, 0x83, 0x84, 0x84, 
  0x83, 0x82, 0x82, 0x82, 0x82, 0x82, 0x81, 0x7f, 0x7d, 0x7d, 0x7d, 0x7d, 0x7d, 0x7d, 0x7d, 0x7d, 
  0x7d, 0x7e, 0x7f, 0x7e, 0x7d, 0x7b, 0x7a, 0x7a, 0x7a, 0x7a, 0x79, 0x79, 0x79, 0x79, 0x79, 0x79, 
  0x7a, 0x7a, 0x7a, 0x7a, 0x7a, 0x79, 0x79, 0x7a, 0x7a, 0x7b, 0x7b, 0x7b, 0x7b, 0x7c, 0x7d, 0x7e, 
  0x80, 0x81, 0x80, 0x80, 0x7e, 0x7e, 0x7e, 0x7f, 0x80, 0x7f, 0x7f, 0x7f, 0x7f, 0x80, 0x80, 0x80, 
  0x80, 0x80, 0x80, 0x7f, 0x7e, 0x7e, 0x7f, 0x81, 0x82, 0x82, 0x82, 0x81, 0x81, 0x82, 0x82, 0x82, 
  0x82, 0x82, 0x82, 0x83, 0x82, 0x84, 0x82, 0x82, 0x82, 0x80, 0x80, 0x81, 0x82, 0x83, 0x84, 0x84, 
  0x84, 0x83, 0x84, 0x83, 0x83, 0x82, 0x82, 0x80, 0x80, 0x80, 0x81, 0x82, 0x83, 0x85, 0x85, 0x85, 
  0x85, 0x84, 0x82, 0x81, 0x7f, 0x7f, 0x80, 0x81, 0x82, 0x81, 0x83, 0x83, 0x84, 0x84, 0x84, 0x84, 
  0x84, 0x85, 0x86, 0x86, 0x86, 0x85, 0x86, 0x86, 0x86, 0x86, 0x86, 0x84, 0x83, 0x83, 0x82, 0x84, 
  0x86, 0x86, 0x86, 0x84, 0x83, 0x85, 0x87, 0x87, 0x87, 0x86, 0x86, 0x83, 0x82, 0x82, 0x83, 0x82, 
  0x81, 0x7f, 0x7e, 0x7f, 0x7f, 0x7f, 0x80, 0x7f, 0x7f, 0x80, 0x7f, 0x80, 0x80, 0x7f, 0x7f, 0x80, 
  0x7f, 0x7e, 0x7f, 0x7e, 0x7d, 0x7e, 0x7d, 0x7c, 0x7d, 0x7c, 0x7d, 0x7d, 0x7d, 0x7e, 0x7e, 0x7d, 
  0x7f, 0x80, 0x7e, 0x80, 0x80, 0x7f, 0x7e, 0x7e, 0x7f, 0x7e, 0x7e, 0x7d, 0x7c, 0x7c, 0x7c, 0x7d, 
  0x7f, 0x7d, 0x7e, 0x7f, 0x7e, 0x7e, 0x7f, 0x7e, 0x7e, 0x7d, 0x7c, 0x7d, 0x7d, 0x7c, 0x7d, 0x7f, 
  0x7f, 0x80, 0x7f, 0x7d, 0x7f, 0x7f, 0x7d, 0x7e, 0x80, 0x7f, 0x80, 0x80, 0x80, 0x7f, 0x7f, 0x80, 
  0x80, 0x80, 0x7f, 0x80, 0x7f, 0x7f, 0x7f, 0x80, 0x82, 0x81, 0x82, 0x82, 0x83, 0x83, 0x82, 0x82, 
  0x82, 0x82, 0x82, 0x80, 0x82, 0x81, 0x81, 0x83, 0x82, 0x81, 0x81, 0x81, 0x81, 0x81, 0x82, 0x81, 
  0x80, 0x7f, 0x7f, 0x80, 0x80, 0x82, 0x81, 0x81, 0x7e, 0x7e, 0x7f, 0x7d, 0x7f, 0x7e, 0x7e, 0x7c, 
  0x7c, 0x7b, 0x7d, 0x7d, 0x7c, 0x7e, 0x7c, 0x7b, 0x7a, 0x7c, 0x7b, 0x7c, 0x7c, 0x7d, 0x7d, 0x7b, 
  0x7c, 0x7c, 0x7d, 0x7c, 0x7c, 0x7c, 0x7d, 0x7c, 0x7c, 0x7d, 0x7c, 0x7e, 0x7f, 0x7e, 0x7e, 0x7f, 
  0x7c, 0x7d, 0x80, 0x7d, 0x7e, 0x7e, 0x7c, 0x7e, 0x7e, 0x7e, 0x7f, 0x7f, 0x7e, 0x7d, 0x7d, 0x7e, 
  0x7f, 0x7f, 0x80, 0x80, 0x81, 0x80, 0x81, 0x80, 0x7f, 0x7e, 0x7f, 0x80, 0x7e, 0x80, 0x80, 0x81, 
  0x83, 0x80, 0x81, 0x81, 0x80, 0x7f, 0x80, 0x7f, 0x80, 0x81, 0x82, 0x83, 0x82, 0x84, 0x84, 0x82, 
  0x85, 0x85, 0x84, 0x84, 0x83, 0x82, 0x84, 0x81, 0x82, 0x85, 0x85, 0x84, 0x85, 0x84, 0x83, 0x83, 
  0x83, 0x82, 0x83, 0x84, 0x82, 0x84, 0x83, 0x85, 0x84, 0x85, 0x84, 0x85, 0x85, 0x85, 0x85, 0x86, 
  0x82, 0x82, 0x81, 0x81, 0x82, 0x82, 0x85, 0x83, 0x82, 0x84, 0x83, 0x84, 0x85, 0x85, 0x84, 0x85, 
  0x7f, 0x82, 0x83, 0x83, 0x83, 0x82, 0x82, 0x80, 0x80, 0x81, 0x80, 0x7f, 0x80, 0x82, 0x80, 0x81, 
  0x7f, 0x81, 0x81, 0x82, 0x80, 0x80, 0x7f, 0x7f, 0x7f, 0x7f, 0x7f, 0x7f, 0x80, 0x7f, 0x7f, 0x7e, 
  0x7f, 0x7f, 0x7f, 0x7e, 0x7f, 0x7f, 0x7f, 0x7c, 0x7f, 0x7f, 0x80, 0x7d, 0x7e, 0x80, 0x7f, 0x80, 
  0x7f, 0x80, 0x7e, 0x80, 0x80, 0x7e, 0x7d, 0x7f, 0x7c, 0x7e, 0x7d, 0x7e, 0x80, 0x7f, 0x7f, 0x7d, 
  0x7f, 0x7f, 0x7f, 0x7f, 0x80, 0x7d, 0x7f, 0x7e, 0x7e, 0x7e, 0x7e, 0x7d, 0x80, 0x7e, 0x7e, 0x7f, 
  0x7d, 0x7e, 0x7f, 0x7f, 0x7e, 0x7e, 0x7e, 0x7d, 0x7f, 0x7e, 0x80, 0x7d, 0x7d, 0x7f, 0x7e, 0x7b, 
  0x80, 0x7f, 0x7e, 0x7f, 0x80, 0x80, 0x80, 0x81, 0x80, 0x7f, 0x7f, 0x80, 0x80, 0x81, 0x81, 0x80, 
  0x80, 0x81, 0x81, 0x7f, 0x81, 0x7e, 0x80, 0x81, 0x81, 0x80, 0x81, 0x82, 0x80, 0x82, 0x83, 0x82, 
  0x80, 0x7f, 0x7f, 0x81, 0x7f, 0x80, 0x81, 0x7f, 0x81, 0x7f, 0x81, 0x7f, 0x82, 0x82, 0x81, 0x80, 
  0x82, 0x81, 0x80, 0x83, 0x7f, 0x80, 0x7f, 0x7f, 0x81, 0x82, 0x83, 0x80, 0x7e, 0x80, 0x81, 0x7f, 
  0x80, 0x83, 0x81, 0x80, 0x81, 0x81, 0x7f, 0x82, 0x7f, 0x80, 0x7f, 0x81, 0x80, 0x80, 0x81, 0x80, 
  0x82, 0x80, 0x83, 0x7f, 0x82, 0x7f, 0x82, 0x7f, 0x82, 0x80, 0x80, 0x81, 0x80, 0x82, 0x7e, 0x80, 
  0x81, 0x81, 0x82, 0x80, 0x81, 0x7e, 0x80, 0x81, 0x81, 0x80, 0x7f, 0x82, 0x80, 0x81, 0x7e, 0x82, 
  0x7e, 0x80, 0x7f, 0x7f, 0x81, 0x7f, 0x83, 0x81, 0x81, 0x82, 0x7f, 0x7f, 0x80, 0x7f, 0x7f, 0x80, 
  0x7f, 0x7e, 0x82, 0x80, 0x7f, 0x80, 0x7e, 0x80, 0x80, 0x80, 0x7c, 0x7f, 0x7f, 0x7e, 0x82, 0x80, 
  0x81, 0x81, 0x80, 0x81, 0x80, 0x7f, 0x80, 0x81, 0x7f, 0x7f, 0x7e, 0x82, 0x82, 0x7f, 0x7f, 0x80, 
  0x80, 0x7d, 0x80, 0x81, 0x82, 0x7e, 0x7e, 0x80, 0x7e, 0x80, 0x7f, 0x82, 0x7f, 0x80, 0x7f, 0x7f, 
  0x81, 0x80, 0x7f, 0x80, 0x7f, 0x81, 0x82, 0x7f, 0x81, 0x7f, 0x7f, 0x80, 0x80, 0x7f, 0x80, 0x7e, 
  0x7f, 0x81, 0x7f, 0x7f, 0x7e, 0x7f, 0x80, 0x81, 0x7f, 0x7e, 0x81, 0x7f, 0x81, 0x80, 0x7e, 0x7e, 
  0x80, 0x7f, 0x7f, 0x82, 0x81, 0x80, 0x7e, 0x81, 0x80, 0x7f, 0x7d, 0x80, 0x80, 0x81, 0x82, 0x81, 
  0x81, 0x82, 0x7e, 0x7f, 0x81, 0x80, 0x7f, 0x81, 0x80, 0x7f, 0x81, 0x7e, 0x80, 0x80, 0x80, 0x7e, 
  0x7f, 0x7f, 0x82, 0x81, 0x81, 0x81, 0x80, 0x81, 0x7e, 0x80, 0x80, 0x7d, 0x80, 0x7f, 0x82, 0x80, 
  0x7f, 0x80, 0x7f, 0x7e, 0x83, 0x82, 0x82, 0x81, 0x7e, 0x80, 0x7c, 0x81, 0x82, 0x7d, 0x7f, 0x81, 
  0x80, 0x80, 0x82, 0x7e, 0x81, 0x83, 0x81, 0x82, 0x7f, 0x80, 0x7f, 0x80, 0x7e, 0x81, 0x7e, 0x7f, 
  0x81, 0x7f, 0x81, 0x82, 0x81, 0x7f, 0x83, 0x80, 0x82, 0x7f, 0x84, 0x7e, 0x7f, 0x80, 0x80, 0x82, 
  0x7f, 0x82, 0x82, 0x81, 0x7f, 0x85, 0x7e, 0x83, 0x7f, 0x80, 0x7f, 0x7f, 0x80, 0x82, 0x7f, 0x80, 
  0x81, 0x80, 0x80, 0x80, 0x7e, 0x7e, 0x81, 0x81, 0x82, 0x7f, 0x81, 0x7d, 0x81, 0x80, 0x82, 0x80, 
  0x84, 0x82, 0x7e, 0x83, 0x81, 0x7f, 0x81, 0x7e, 0x7f, 0x7f, 0x81, 0x82, 0x80, 0x81, 0x83, 0x80, 
  0x80, 0x7f, 0x7f, 0x80, 0x7f, 0x81, 0x80, 0x81, 0x80, 0x80, 0x81, 0x7f, 0x81, 0x7f, 0x82, 0x7e, 
  0x81, 0x7e, 0x7f, 0x82, 0x7e, 0x81, 0x80, 0x7f, 0x80, 0x7f, 0x80, 0x80, 0x7f, 0x7e, 0x7e, 0x81, 
  0x7f, 0x81, 0x7f, 0x7f, 0x82, 0x81, 0x7f, 0x82, 0x7e, 0x7e, 0x82, 0x7e, 0x81, 0x7f, 0x82, 0x7d, 
  0x7d, 0x7f, 0x81, 0x7d, 0x7f, 0x83, 0x80, 0x81, 0x81, 0x82, 0x80, 0x7e, 0x81, 0x7e, 0x82, 0x81, 
  0x7e, 0x7f, 0x81, 0x7e, 0x80, 0x81, 0x7e, 0x81, 0x81, 0x7f, 0x81, 0x7f, 0x7d, 0x7f, 0x82, 0x80, 
  0x82, 0x80, 0x81, 0x7f, 0x82, 0x7e, 0x80, 0x7d, 0x82, 0x7e, 0x81, 0x7f, 0x81, 0x81, 0x80, 0x83, 
  0x84, 0x81, 0x82, 0x80, 0x7e, 0x81, 0x7e, 0x7f, 0x80, 0x81, 0x82, 0x80, 0x81, 0x7f, 0x83, 0x7f, 
  0x7f, 0x80, 0x7d, 0x80, 0x7f, 0x83, 0x7f, 0x81, 0x7d, 0x83, 0x7f, 0x81, 0x83, 0x80, 0x80, 0x81, 
  0x7f, 0x7e, 0x81, 0x82, 0x7d, 0x7f, 0x80, 0x7f, 0x80, 0x7e, 0x81, 0x82, 0x7e, 0x7f, 0x80, 0x81, 
  0x7f, 0x7f, 0x7f, 0x7f, 0x82, 0x80, 0x81, 0x7f, 0x81, 0x7f, 0x7d, 0x7c, 0x80, 0x7c, 0x85, 0x82, 
  0x7d, 0x82, 0x81, 0x80, 0x7e, 0x82, 0x80, 0x80, 0x81, 0x7f, 0x80, 0x80, 0x7e, 0x83, 0x7e, 0x7d, 
  0x80, 0x7e, 0x81, 0x7f, 0x81, 0x83, 0x7d, 0x81, 0x81, 0x7c, 0x83, 0x81, 0x7f, 0x7e, 0x80, 0x81, 
  0x7e, 0x7f, 0x7e, 0x83, 0x80, 0x7f, 0x82, 0x7e, 0x80, 0x80, 0x83, 0x80, 0x7f, 0x7e, 0x7f, 0x7f, 
  0x7f, 0x83, 0x7f, 0x81, 0x81, 0x7f, 0x81, 0x80, 0x80, 0x7f, 0x82, 0x7d, 0x80, 0x81, 0x81, 0x83, 
  0x80, 0x7f, 0x7e, 0x7f, 0x7d, 0x7f, 0x7f, 0x83, 0x81, 0x82, 0x7d, 0x82, 0x81, 0x82, 0x7f, 0x81, 
  0x7f, 0x7f, 0x7f, 0x80, 0x83, 0x84, 0x80, 0x82, 0x7e, 0x7c, 0x81, 0x80, 0x7f, 0x81, 0x7e, 0x83, 
  0x7f, 0x81, 0x80, 0x83, 0x81, 0x81, 0x81, 0x82, 0x7e, 0x7e, 0x80, 0x80, 0x7d, 0x7f, 0x82, 0x7e, 
  0x81, 0x7e, 0x81, 0x7e, 0x83, 0x81, 0x7f, 0x82, 0x7f, 0x7d, 0x7d, 0x80, 0x82, 0x7f, 0x7f, 0x80, 
  0x83, 0x80, 0x83, 0x81, 0x7e, 0x82, 0x80, 0x7f, 0x82, 0x7d, 0x7f, 0x80, 0x7f, 0x81, 0x81, 0x82, 
  0x7f, 0x7c, 0x80, 0x80, 0x81, 0x84, 0x81, 0x7d, 0x7f, 0x7c, 0x80, 0x7f, 0x7d, 0x80, 0x82, 0x82, 
  0x81, 0x82, 0x80, 0x80, 0x7f, 0x81, 0x80, 0x81, 0x7d, 0x81, 0x7f, 0x7e, 0x7e, 0x7c, 0x82, 0x86, 
  0x84, 0x84, 0x80, 0x80, 0x84, 0x82, 0x7d, 0x81, 0x81, 0x82, 0x7e, 0x81, 0x82, 0x7f, 0x7f, 0x82, 
  0x80, 0x80, 0x82, 0x7d, 0x80, 0x81, 0x80, 0x81, 0x82, 0x85, 0x83, 0x80, 0x81, 0x82, 0x7d, 0x82, 
  0x7a, 0x7e, 0x84, 0x7f, 0x7f, 0x7f, 0x80, 0x7f, 0x82, 0x80, 0x7f, 0x80, 0x81, 0x7f, 0x82, 0x83, 
  0x82, 0x81, 0x7f, 0x7e, 0x83, 0x7f, 0x80, 0x7f, 0x7f, 0x7e, 0x7f, 0x81, 0x80, 0x82, 0x81, 0x84, 
  0x82, 0x81, 0x7f, 0x80, 0x80, 0x81, 0x81, 0x81, 0x82, 0x82, 0x82, 0x80, 0x7e, 0x81, 0x7d, 0x7c, 
  0x7f, 0x7f, 0x7c, 0x7f, 0x7e, 0x7e, 0x7f, 0x81, 0x7c, 0x7f, 0x83, 0x80, 0x83, 0x82, 0x80, 0x80, 
  0x7b, 0x7e, 0x82, 0x81, 0x7f, 0x7f, 0x81, 0x82, 0x81, 0x81, 0x7f, 0x80, 0x7e, 0x7d, 0x7e, 0x80, 
  0x82, 0x7d, 0x7c, 0x7f, 0x7f, 0x81, 0x81, 0x81, 0x84, 0x7f, 0x7f, 0x7c, 0x7c, 0x7e, 0x80, 0x7f, 
  0x7e, 0x80, 0x7f, 0x83, 0x83, 0x82, 0x82, 0x81, 0x7f, 0x81, 0x81, 0x7f, 0x7e, 0x7d, 0x7f, 0x82, 
  0x82, 0x82, 0x81, 0x7e, 0x80, 0x7e, 0x80, 0x81, 0x7d, 0x7e, 0x7f, 0x7f, 0x7f, 0x7e, 0x7e, 0x7e, 
  0x82, 0x82, 0x81, 0x82, 0x81, 0x81, 0x7d, 0x7d, 0x7f, 0x7f, 0x83, 0x82, 0x83, 0x81, 0x86, 0x7f, 
  0x7c, 0x7e, 0x7f, 0x7f, 0x80, 0x81, 0x82, 0x84, 0x82, 0x7f, 0x7e, 0x7b, 0x7d, 0x7f, 0x81, 0x84, 
  0x86, 0x88, 0x86, 0x82, 0x86, 0x7e, 0x7b, 0x81, 0x7e, 0x7d, 0x7f, 0x80, 0x7e, 0x7c, 0x7e, 0x80, 
  0x81, 0x7c, 0x7c, 0x82, 0x7f, 0x81, 0x86, 0x86, 0x84, 0x7f, 0x80, 0x80, 0x80, 0x7e, 0x7c, 0x7e, 
  0x7c, 0x7d, 0x7c, 0x7c, 0x7f, 0x80, 0x80, 0x81, 0x84, 0x85, 0x83, 0x83, 0x83, 0x82, 0x82, 0x80, 
  0x80, 0x7e, 0x80, 0x7d, 0x7b, 0x7c, 0x7f, 0x7f, 0x80, 0x7e, 0x7f, 0x81, 0x80, 0x80, 0x82, 0x81, 
  0x82, 0x82, 0x80, 0x82, 0x7f, 0x81, 0x81, 0x80, 0x80, 0x7d, 0x7a, 0x7a, 0x7c, 0x7d, 0x7f, 0x7f, 
  0x81, 0x7e, 0x82, 0x84, 0x86, 0x85, 0x83, 0x7f, 0x81, 0x82, 0x81, 0x84, 0x81, 0x7f, 0x7f, 0x81, 
  0x7f, 0x7f, 0x80, 0x81, 0x7c, 0x7f, 0x7f, 0x7d, 0x7e, 0x7e, 0x7f, 0x80, 0x82, 0x82, 0x82, 0x83, 
  0x81, 0x81, 0x80, 0x7d, 0x7e, 0x7d, 0x7e, 0x7c, 0x7f, 0x82, 0x80, 0x80, 0x81, 0x82, 0x83, 0x84, 
  0x82, 0x82, 0x82, 0x82, 0x7f, 0x80, 0x7f, 0x7f, 0x7c, 0x7c, 0x7c, 0x7f, 0x7f, 0x7e, 0x7e, 0x7d, 
  0x7e, 0x80, 0x81, 0x80, 0x80, 0x81, 0x81, 0x80, 0x84, 0x83, 0x83, 0x82, 0x81, 0x81, 0x7f, 0x80, 
  0x7f, 0x80, 0x7f, 0x7d, 0x7f, 0x7d, 0x7f, 0x82, 0x81, 0x81, 0x83, 0x83, 0x81, 0x80, 0x7e, 0x80, 
  0x7f, 0x7e, 0x7e, 0x7d, 0x7d, 0x7e, 0x7e, 0x7e, 0x7d, 0x7d, 0x7e, 0x7f, 0x7f, 0x81, 0x81, 0x82, 
  0x84, 0x85, 0x84, 0x86, 0x85, 0x82, 0x84, 0x81, 0x81, 0x80, 0x7e, 0x7d, 0x7e, 0x7f, 0x7e, 0x7f, 
  0x80, 0x81, 0x82, 0x82, 0x83, 0x83, 0x82, 0x81, 0x80, 0x80, 0x80, 0x7f, 0x80, 0x7f, 0x7f, 0x80, 
  0x7e, 0x80, 0x81, 0x81, 0x82, 0x82, 0x80, 0x80, 0x7f, 0x7f, 0x7d, 0x7f, 0x7e, 0x7f, 0x7e, 0x7f, 
  0x7f, 0x80, 0x80, 0x80, 0x7f, 0x7f, 0x7f, 0x7e, 0x7e, 0x7f, 0x7f, 0x7f, 0x80, 0x81, 0x81, 0x82, 
  0x82, 0x82, 0x80, 0x7f, 0x7e, 0x7d, 0x7b, 0x7b, 0x7c, 0x7d, 0x7e, 0x7f, 0x7f, 0x7f, 0x7f, 0x80, 
  0x80, 0x7f, 0x7e, 0x7e, 0x7d, 0x7c, 0x7d, 0x7e, 0x7d, 0x7d, 0x7e, 0x7f, 0x7f, 0x80, 0x80, 0x82, 
  0x82, 0x83, 0x82, 0x82, 0x80, 0x7f, 0x7f, 0x7e, 0x7d, 0x7d, 0x7e, 0x7e, 0x7e, 0x7f, 0x81, 0x81, 
  0x82, 0x7f, 0x7e, 0x7d, 0x7d, 0x7d, 0x7d, 0x7c, 0x7c, 0x7c, 0x7c, 0x7d, 0x7d, 0x7e, 0x7f, 0x7f, 
  0x80, 0x80, 0x80, 0x7f, 0x7e, 0x7d, 0x7d, 0x7c, 0x7c, 0x7b, 0x7c, 0x7d, 0x7e, 0x7f, 0x80, 0x81, 
  0x7f, 0x80, 0x80, 0x80, 0x7f, 0x7f, 0x7e, 0x7e, 0x7e, 0x7f, 0x80, 0x81, 0x82, 0x82, 0x84, 0x84, 
  0x85, 0x86, 0x87, 0x88, 0x89, 0x8a, 0x8a, 0x89, 0x89, 0x88, 0x88, 0x88, 0x88, 0x87, 0x87, 0x86, 
  0x87, 0x87, 0x88, 0x88, 0x87, 0x86, 0x85, 0x85, 0x84, 0x84, 0x83, 0x83, 0x83, 0x83, 0x84, 0x84, 
  0x85, 0x85, 0x86, 0x86, 0x85, 0x85, 0x84, 0x83, 0x82, 0x82, 0x81, 0x80, 0x80, 0x80, 0x7f, 0x80, 
  0x80, 0x81, 0x81, 0x80, 0x7f, 0x7f, 0x7e, 0x7e, 0x7d, 0x7c, 0x7b, 0x7a, 0x7a, 0x7a, 0x7b, 0x7b, 
  0x7c, 0x7c, 0x7d, 0x7c, 0x7c, 0x7c, 0x7c, 0x7b, 0x7b, 0x7b, 0x7b, 0x7a, 0x7a, 0x7b, 0x7b, 0x7a, 
  0x7a, 0x7a, 0x79, 0x79, 0x79, 0x79, 0x78, 0x78, 0x78, 0x77, 0x77, 0x77, 0x78, 0x78, 0x78, 0x78, 
  0x78, 0x78, 0x78, 0x77, 0x77, 0x76, 0x76, 0x76, 0x75, 0x75, 0x75, 0x76, 0x77, 0x77, 0x77, 0x77, 
  0x76, 0x75, 0x73, 0x74, 0x72, 0x72, 0x70, 0x70, 0x6f, 0x72, 0x7a, 0x83, 0x8e, 0x96, 0x9e, 0xa1, 
  0xa4, 0xa5, 0xa6, 0xa4, 0xa2, 0x9e, 0x98, 0x94, 0x91, 0x91, 0x92, 0x95, 0x97, 0x97, 0x96, 0x93, 
  0x8f, 0x8c, 0x87, 0x83, 0x7c, 0x76, 0x71, 0x6e, 0x6d, 0x70, 0x75, 0x7a, 0x80, 0x84, 0x88, 0x8b, 
  0x8d, 0x8e, 0x8d, 0x8b, 0x88, 0x86, 0x84, 0x83, 0x84, 0x87, 0x8a, 0x8d, 0x8e, 0x8f, 0x8f, 0x8d, 
  0x8b, 0x87, 0x83, 0x7d, 0x78, 0x74, 0x72, 0x71, 0x72, 0x73, 0x75, 0x77, 0x79, 0x7b, 0x7c, 0x7d, 
  0x7d, 0x7d, 0x7b, 0x7a, 0x79, 0x78, 0x79, 0x7a, 0x7d, 0x7f, 0x82, 0x85, 0x87, 0x89, 0x89, 0x89, 
  0x87, 0x85, 0x82, 0x7f, 0x7d, 0x7c, 0x7b, 0x7b, 0x7b, 0x7c, 0x7d, 0x7e, 0x7e, 0x7e, 0x7d, 0x7b, 
  0x7a, 0x78, 0x77, 0x76, 0x76, 0x76, 0x78, 0x7a, 0x7c, 0x7f, 0x81, 0x82, 0x83, 0x83, 0x83, 0x82, 
  0x80, 0x7e, 0x7d, 0x7c, 0x7b, 0x7b, 0x7c, 0x7d, 0x7e, 0x7e, 0x7f, 0x7f, 0x7f, 0x7f, 0x80, 0x80, 
  0x81, 0x81, 0x81, 0x81, 0x81, 0x80, 0x7f, 0x7f, 0x7e, 0x7e, 0x7f, 0x80, 0x81, 0x82, 0x83, 0x83, 
  0x83, 0x83, 0x82, 0x81, 0x80, 0x80, 0x7f, 0x7f, 0x7f, 0x7f, 0x80, 0x80, 0x80, 0x81, 0x80, 0x80, 
  0x7f, 0x7f, 0x7f, 0x7e, 0x7e, 0x7e, 0x7f, 0x7f, 0x80, 0x81, 0x82, 0x83, 0x83, 0x82, 0x81, 0x80, 
  0x80, 0x7f, 0x7e, 0x7d, 0x7d, 0x7c, 0x7b, 0x7a, 0x7a, 0x79, 0x79, 0x78, 0x78, 0x77, 0x77, 0x77, 
  0x76, 0x77, 0x77, 0x78, 0x78, 0x79, 0x79, 0x7a, 0x7b, 0x7b, 0x7b, 0x7a, 0x79, 0x79, 0x78, 0x78, 
  0x78, 0x79, 0x7a, 0x7c, 0x7d, 0x7e, 0x7f, 0x7e, 0x7e, 0x7c, 0x7b, 0x7a, 0x7a, 0x7b, 0x7c, 0x7d, 
  0x7d, 0x7d, 0x7b, 0x7a, 0x79, 0x78, 0x77, 0x76, 0x78, 0x7a, 0x80, 0x86, 0x8d, 0x93, 0x96, 0x98, 
  0x96, 0x95, 0x93, 0x93, 0x92, 0x93, 0x95, 0x96, 0x98, 0x9a, 0x9b, 0x9b, 0x99, 0x95, 0x8f, 0x88, 
  0x82, 0x7e, 0x7c, 0x7d, 0x7e, 0x80, 0x81, 0x80, 0x7f, 0x7e, 0x7c, 0x7b, 0x79, 0x78, 0x78, 0x79, 
  0x7c, 0x81, 0x86, 0x8b, 0x8f, 0x90, 0x90, 0x8d, 0x8b, 0x88, 0x88, 0x88, 0x89, 0x8a, 0x8b, 0x8c, 
  0x8c, 0x8c, 0x8a, 0x87, 0x83, 0x7f, 0x7a, 0x77, 0x75, 0x76, 0x78, 0x7a, 0x7b, 0x7b, 0x7a, 0x78, 
  0x77, 0x76, 0x75, 0x76, 0x77, 0x79, 0x7c, 0x80, 0x84, 0x87, 0x89, 0x89, 0x88, 0x85, 0x83, 0x81, 
  0x81, 0x82, 0x83, 0x84, 0x84, 0x85, 0x84, 0x83, 0x81, 0x7e, 0x7b, 0x78, 0x76, 0x75, 0x74, 0x74, 
  0x75, 0x76, 0x77, 0x77, 0x76, 0x76, 0x75, 0x74, 0x73, 0x73, 0x73, 0x74, 0x75, 0x77, 0x7a, 0x7c, 
  0x7e, 0x80, 0x81, 0x81, 0x81, 0x80, 0x7e, 0x7d, 0x7c, 0x7b, 0x7c, 0x7d, 0x7e, 0x7f, 0x80, 0x80, 
  0x80, 0x7f, 0x7d, 0x7c, 0x7a, 0x79, 0x79, 0x79, 0x7a, 0x7b, 0x7d, 0x7e, 0x7f, 0x7f, 0x80, 0x80, 
  0x80, 0x80, 0x80, 0x81, 0x83, 0x85, 0x87, 0x89, 0x8b, 0x8c, 0x8d, 0x8c, 0x8c, 0x8a, 0x89, 0x89, 
  0x88, 0x88, 0x87, 0x87, 0x86, 0x85, 0x85, 0x84, 0x83, 0x82, 0x80, 0x7f, 0x7d, 0x7c, 0x7b, 0x7c, 
  0x7c, 0x7d, 0x7d, 0x7d, 0x7d, 0x7d, 0x7c, 0x7c, 0x7c, 0x7d, 0x7d, 0x7e, 0x7f, 0x7f, 0x80, 0x81, 
  0x82, 0x82, 0x81, 0x80, 0x80, 0x7f, 0x7f, 0x80, 0x80, 0x80, 0x7f, 0x7e, 0x7d, 0x7c, 0x7b, 0x7a, 
  0x7a, 0x7a, 0x7a, 0x79, 0x79, 0x79, 0x79, 0x79, 0x79, 0x79, 0x7a, 0x79, 0x7a, 0x7a, 0x7b, 0x7d, 
  0x7e, 0x7e, 0x7e, 0x7e, 0x7e, 0x7e, 0x7d, 0x7e, 0x7e, 0x7e, 0x7f, 0x7f, 0x7f, 0x7f, 0x80, 0x80, 
  0x80, 0x80, 0x7e, 0x7d, 0x7b, 0x79, 0x79, 0x79, 0x7a, 0x7b, 0x7b, 0x7a, 0x79, 0x77, 0x76, 0x76, 
  0x76, 0x77, 0x78, 0x7a, 0x7d, 0x82, 0x88, 0x8e, 0x91, 0x92, 0x8f, 0x8c, 0x8b, 0x8c, 0x90, 0x96, 
  0x9b, 0x9f, 0xa0, 0x9d, 0x99, 0x94, 0x91, 0x8f, 0x8d, 0x8c, 0x8c, 0x8c, 0x8d, 0x8c, 0x8a, 0x86, 
  0x81, 0x7c, 0x78, 0x75, 0x75, 0x78, 0x7c, 0x80, 0x82, 0x81, 0x7f, 0x7c, 0x7a, 0x79, 0x7b, 0x7f, 
  0x83, 0x87, 0x89, 0x8a, 0x89, 0x88, 0x87, 0x86, 0x86, 0x86, 0x87, 0x89, 0x8a, 0x8a, 0x88, 0x86, 
  0x82, 0x7f, 0x7d, 0x7c, 0x7c, 0x7c, 0x7d, 0x7d, 0x7c, 0x7a, 0x77, 0x75, 0x74, 0x75, 0x76, 0x78, 
  0x7a, 0x7b, 0x7c, 0x7c, 0x7c, 0x7b, 0x7b, 0x7c, 0x7c, 0x7d, 0x7f, 0x80, 0x82, 0x82, 0x82, 0x81, 
  0x7f, 0x7e, 0x7e, 0x7e, 0x7e, 0x7f, 0x80, 0x81, 0x7f, 0x7d, 0x7b, 0x79, 0x78, 0x78, 0x79, 0x79, 
  0x7a, 0x7a, 0x7a, 0x78, 0x77, 0x76, 0x75, 0x76, 0x76, 0x77, 0x78, 0x7a, 0x7a, 0x7b, 0x7a, 0x7a, 
  0x79, 0x79, 0x7a, 0x7b, 0x7d, 0x7f, 0x7f, 0x7f, 0x7e, 0x7d, 0x7c, 0x7c, 0x7d, 0x7e, 0x7f, 0x80, 
  0x80, 0x7f, 0x7e, 0x7d, 0x7d, 0x7d, 0x7d, 0x7e, 0x80, 0x80, 0x81, 0x81, 0x81, 0x80, 0x80, 0x80, 
  0x81, 0x83, 0x85, 0x86, 0x86, 0x85, 0x85, 0x85, 0x85, 0x86, 0x87, 0x88, 0x88, 0x89, 0x88, 0x87, 
  0x86, 0x86, 0x86, 0x86, 0x86, 0x86, 0x87, 0x86, 0x85, 0x83, 0x81, 0x7f, 0x80, 0x81, 0x82, 0x83, 
  0x83, 0x82, 0x80, 0x7e, 0x7d, 0x7d, 0x7e, 0x7f, 0x81, 0x81, 0x80, 0x7f, 0x7e, 0x7e, 0x7e, 0x7f, 
  0x80, 0x82, 0x83, 0x83, 0x82, 0x81, 0x80, 0x80, 0x80, 0x7f, 0x7f, 0x80, 0x81, 0x81, 0x81, 0x80, 
  0x7f, 0x7e, 0x7d, 0x7c, 0x7c, 0x7d, 0x7d, 0x7d, 0x7c, 0x7b, 0x7b, 0x7b, 0x7b, 0x7b, 0x7b, 0x7c, 
  0x7d, 0x7d, 0x7e, 0x7d, 0x7c, 0x7c, 0x7c, 0x7d, 0x7d, 0x7e, 0x7f, 0x80, 0x80, 0x7f, 0x7e, 0x7d, 
  0x7d, 0x7e, 0x7f, 0x7f, 0x7f, 0x7f, 0x7e, 0x7d, 0x7b, 0x7b, 0x7a, 0x7b, 0x7b, 0x7b, 0x7b, 0x7b, 
  0x7c, 0x7c, 0x7c, 0x7b, 0x7a, 0x7a, 0x79, 0x78, 0x77, 0x78, 0x7a, 0x7c, 0x7e, 0x7e, 0x7f, 0x7f, 
  0x81, 0x82, 0x84, 0x85, 0x87, 0x89, 0x8a, 0x8c, 0x8d, 0x8e, 0x8f, 0x90, 0x91, 0x91, 0x90, 0x90, 
  0x90, 0x90, 0x90, 0x90, 0x90, 0x8f, 0x8e, 0x8d, 0x8b, 0x89, 0x88, 0x87, 0x87, 0x86, 0x85, 0x84, 
  0x84, 0x83, 0x81, 0x80, 0x80, 0x80, 0x80, 0x80, 0x80, 0x7f, 0x7f, 0x7f, 0x7e, 0x7e, 0x7f, 0x7f, 
  0x80, 0x81, 0x81, 0x80, 0x80, 0x7f, 0x7f, 0x7f, 0x7f, 0x80, 0x80, 0x81, 0x80, 0x7f, 0x7e, 0x7e, 
  0x7d, 0x7d, 0x7d, 0x7d, 0x7d, 0x7d, 0x7c, 0x7c, 0x7c, 0x7c, 0x7c, 0x7c, 0x7b, 0x7b, 0x7b, 0x7c, 
  0x7c, 0x7d, 0x7d, 0x7c, 0x7c, 0x7b, 0x7b, 0x7c, 0x7c, 0x7d, 0x7e, 0x7e, 0x7e, 0x7e, 0x7f, 0x7e, 
  0x7e, 0x7d, 0x7d, 0x7d, 0x7d, 0x7d, 0x7e, 0x7e, 0x7e, 0x7d, 0x7d, 0x7c, 0x7c, 0x7c, 0x7d, 0x7d, 
  0x7d, 0x7e, 0x7e, 0x7d, 0x7d, 0x7d, 0x7c, 0x7c, 0x7c, 0x7d, 0x7d, 0x7d, 0x7d, 0x7d, 0x7c, 0x7c, 
  0x7d, 0x7e, 0x7f, 0x80, 0x81, 0x80, 0x80, 0x80, 0x80, 0x81, 0x82, 0x83, 0x82, 0x82, 0x81, 0x81, 
  0x82, 0x83, 0x83, 0x81, 0x7f, 0x7f, 0x81, 0x83, 0x84, 0x84, 0x83, 0x81, 0x80, 0x7f, 0x80, 0x81, 
  0x81, 0x82, 0x81, 0x7f, 0x7e, 0x7f, 0x80, 0x81, 0x80, 0x7f, 0x7e, 0x7f, 0x80, 0x82, 0x84, 0x83, 
  0x81, 0x7f, 0x7e, 0x7e, 0x80, 0x81, 0x82, 0x81, 0x7f, 0x7d, 0x7c, 0x7e, 0x7f, 0x80, 0x80, 0x7f, 
  0x7e, 0x7e, 0x7f, 0x80, 0x80, 0x80, 0x80, 0x7e, 0x7e, 0x7e, 0x80, 0x81, 0x81, 0x80, 0x7e, 0x7d, 
  0x7e, 0x81, 0x82, 0x83, 0x83, 0x81, 0x7f, 0x7f, 0x7f, 0x81, 0x83, 0x84, 0x84, 0x83, 0x82, 0x81, 
  0x82, 0x81, 0x81, 0x81, 0x81, 0x82, 0x82, 0x82, 0x82, 0x82, 0x80, 0x80, 0x7f, 0x80, 0x81, 0x82, 
  0x82, 0x81, 0x80, 0x7f, 0x80, 0x81, 0x81, 0x80, 0x80, 0x81, 0x81, 0x80, 0x7f, 0x80, 0x81, 0x80, 
  0x7f, 0x7f, 0x80, 0x82, 0x82, 0x81, 0x80, 0x7e, 0x7d, 0x7e, 0x80, 0x82, 0x82, 0x82, 0x82, 0x81, 
  0x80, 0x80, 0x80, 0x82, 0x83, 0x83, 0x82, 0x82, 0x83, 0x83, 0x82, 0x81, 0x81, 0x83, 0x84, 0x84, 
  0x84, 0x83, 0x83, 0x83, 0x84, 0x84, 0x83, 0x83, 0x82, 0x82, 0x82, 0x81, 0x82, 0x83, 0x83, 0x82, 
  0x82, 0x82, 0x81, 0x81, 0x81, 0x82, 0x82, 0x83, 0x83, 0x83, 0x83, 0x81, 0x81, 0x82, 0x83, 0x82, 
  0x82, 0x81, 0x81, 0x80, 0x80, 0x80, 0x80, 0x81, 0x81, 0x80, 0x80, 0x7f, 0x7e, 0x80, 0x81, 0x81, 
  0x81, 0x7f, 0x7e, 0x7d, 0x7e, 0x80, 0x82, 0x81, 0x7f, 0x7e, 0x7e, 0x7e, 0x7f, 0x80, 0x80, 0x81, 
  0x80, 0x7f, 0x7e, 0x7f, 0x80, 0x7e, 0x7e, 0x7f, 0x7d, 0x7d, 0x7e, 0x7e, 0x7e, 0x7d, 0x7d, 0x7e, 
  0x7e, 0x7e, 0x7d, 0x7e, 0x7e, 0x7d, 0x7d, 0x7e, 0x7d, 0x7d, 0x7c, 0x7d, 0x7c, 0x7e, 0x7f, 0x7d, 
  0x7d, 0x7c, 0x7c, 0x7d, 0x7d, 0x7d, 0x7f, 0x7e, 0x7d, 0x7d, 0x7f, 0x7d, 0x7e, 0x7c, 0x7d, 0x7f, 
  0x81, 0x7e, 0x7c, 0x7f, 0x7d, 0x7e, 0x7c, 0x7f, 0x7d, 0x7d, 0x7e, 0x7d, 0x7e, 0x7e, 0x80, 0x7e, 
  0x7e, 0x7d, 0x80, 0x82, 0x7e, 0x7f, 0x7e, 0x7f, 0x7e, 0x80, 0x7f, 0x80, 0x81, 0x7e, 0x81, 0x7f, 
  0x7e, 0x7f, 0x81, 0x81, 0x81, 0x80, 0x80, 0x81, 0x81, 0x80, 0x7f, 0x7e, 0x7f, 0x81, 0x80, 0x80, 
  0x84, 0x81, 0x81, 0x80, 0x7f, 0x7e, 0x82, 0x81, 0x80, 0x83, 0x81, 0x7f, 0x81, 0x84, 0x80, 0x82, 
  0x7f, 0x80, 0x80, 0x80, 0x83, 0x84, 0x85, 0x82, 0x81, 0x80, 0x81, 0x82, 0x83, 0x83, 0x82, 0x81, 
  0x82, 0x83, 0x84, 0x82, 0x82, 0x84, 0x83, 0x82, 0x82, 0x82, 0x83, 0x84, 0x85, 0x83, 0x83, 0x82, 
  0x81, 0x84, 0x83, 0x84, 0x83, 0x83, 0x81, 0x80, 0x7f, 0x81, 0x84, 0x83, 0x84, 0x82, 0x7f, 0x81, 
  0x83, 0x82, 0x81, 0x81, 0x82, 0x82, 0x81, 0x83, 0x83, 0x81, 0x80, 0x7e, 0x7f, 0x7e, 0x81, 0x83, 
  0x82, 0x83, 0x82, 0x80, 0x80, 0x7d, 0x7e, 0x81, 0x81, 0x82, 0x81, 0x82, 0x81, 0x80, 0x81, 0x7e, 
  0x7e, 0x82, 0x7f, 0x80, 0x83, 0x81, 0x81, 0x82, 0x81, 0x7d, 0x7e, 0x7f, 0x81, 0x83, 0x81, 0x82, 
  0x7f, 0x7c, 0x7d, 0x7d, 0x80, 0x7f, 0x81, 0x80, 0x80, 0x7f, 0x81, 0x7e, 0x7d, 0x80, 0x7e, 0x7e, 
  0x7f, 0x80, 0x82, 0x80, 0x7f, 0x7d, 0x7a, 0x7e, 0x7d, 0x80, 0x82, 0x7f, 0x7e, 0x7b, 0x7c, 0x7e, 
  0x7c, 0x81, 0x81, 0x82, 0x80, 0x7c, 0x7d, 0x7d, 0x7e, 0x7f, 0x7f, 0x7f, 0x7f, 0x7d, 0x7e, 0x7d, 
  0x7e, 0x7e, 0x7e, 0x7d, 0x7e, 0x81, 0x7e, 0x7e, 0x7f, 0x7f, 0x82, 0x80, 0x7c, 0x81, 0x81, 0x80, 
  0x80, 0x7d, 0x83, 0x80, 0x7f, 0x7f, 0x7c, 0x81, 0x80, 0x81, 0x84, 0x80, 0x80, 0x80, 0x7e, 0x80, 
  0x81, 0x7f, 0x7f, 0x81, 0x83, 0x81, 0x80, 0x80, 0x7e, 0x7e, 0x7c, 0x81, 0x7f, 0x81, 0x81, 0x81, 
  0x80, 0x83, 0x7f, 0x82, 0x80, 0x7c, 0x81, 0x80, 0x81, 0x82, 0x80, 0x82, 0x84, 0x7f, 0x7f, 0x80, 
  0x7d, 0x7f, 0x81, 0x83, 0x80, 0x81, 0x81, 0x7d, 0x7f, 0x81, 0x83, 0x7e, 0x82, 0x81, 0x80, 0x82, 
  0x81, 0x82, 0x82, 0x7d, 0x7b, 0x81, 0x84, 0x83, 0x81, 0x81, 0x80, 0x7e, 0x7c, 0x80, 0x80, 0x83, 
  0x7f, 0x80, 0x80, 0x82, 0x7c, 0x81, 0x7f, 0x7f, 0x7d, 0x82, 0x82, 0x86, 0x83, 0x7d, 0x7e, 0x7b, 
  0x7c, 0x80, 0x84, 0x82, 0x7d, 0x7e, 0x80, 0x82, 0x80, 0x83, 0x80, 0x83, 0x7b, 0x7d, 0x83, 0x84, 
  0x85, 0x81, 0x7f, 0x7f, 0x7c, 0x7e, 0x7f, 0x80, 0x81, 0x81, 0x83, 0x84, 0x7c, 0x80, 0x7b, 0x83, 
  0x81, 0x7d, 0x81, 0x83, 0x7f, 0x82, 0x7f, 0x7e, 0x81, 0x7e, 0x7d, 0x7e, 0x7f, 0x81, 0x81, 0x82, 
  0x80, 0x7f, 0x80, 0x7d, 0x7e, 0x83, 0x82, 0x80, 0x7d, 0x80, 0x81, 0x82, 0x82, 0x82, 0x7f, 0x81, 
  0x83, 0x80, 0x7f, 0x81, 0x7f, 0x82, 0x80, 0x81, 0x82, 0x81, 0x83, 0x7c, 0x7c, 0x7e, 0x82, 0x82, 
  0x85, 0x80, 0x83, 0x80, 0x7c, 0x7e, 0x80, 0x7f, 0x83, 0x81, 0x81, 0x83, 0x7f, 0x7f, 0x82, 0x80, 
  0x7e, 0x7f, 0x81, 0x7e, 0x83, 0x82, 0x83, 0x7f, 0x7d, 0x7f, 0x7d, 0x7c, 0x80, 0x81, 0x7e, 0x83, 
  0x81, 0x82, 0x80, 0x81, 0x7d, 0x7f, 0x7c, 0x7f, 0x83, 0x81, 0x84, 0x80, 0x81, 0x7d, 0x7f, 0x7c, 
  0x80, 0x7d, 0x7f, 0x81, 0x81, 0x80, 0x81, 0x81, 0x7e, 0x7f, 0x84, 0x7f, 0x7c, 0x7d, 0x7f, 0x83, 
  0x7e, 0x7f, 0x83, 0x7b, 0x7e, 0x7e, 0x7e, 0x7d, 0x80, 0x82, 0x80, 0x7e, 0x82, 0x80, 0x81, 0x83, 
  0x7f, 0x7b, 0x7e, 0x7e, 0x82, 0x84, 0x83, 0x80, 0x7e, 0x7c, 0x7f, 0x7e, 0x80, 0x82, 0x83, 0x80, 
  0x81, 0x80, 0x80, 0x81, 0x7e, 0x7e, 0x7e, 0x80, 0x80, 0x7f, 0x85, 0x80, 0x82, 0x7d, 0x83, 0x7d, 
  0x81, 0x7d, 0x83, 0x7f, 0x82, 0x80, 0x80, 0x81, 0x7d, 0x81, 0x7b, 0x7d, 0x83, 0x83, 0x84, 0x81, 
  0x82, 0x7e, 0x7e, 0x81, 0x80, 0x84, 0x7e, 0x85, 0x83, 0x83, 0x7e, 0x84, 0x80, 0x7d, 0x80, 0x7e, 
  0x85, 0x7e, 0x85, 0x87, 0x81, 0x82, 0x7f, 0x7f, 0x7f, 0x81, 0x80, 0x82, 0x80, 0x7f, 0x82, 0x81, 
  0x7e, 0x80, 0x7d, 0x80, 0x80, 0x81, 0x7a, 0x7c, 0x80, 0x7f, 0x85, 0x81, 0x82, 0x81, 0x7f, 0x80, 
  0x80, 0x80, 0x82, 0x83, 0x81, 0x81, 0x7f, 0x82, 0x86, 0x7f, 0x7d, 0x7c, 0x80, 0x7d, 0x7f, 0x85, 
  0x87, 0x7f, 0x7a, 0x7f, 0x7b, 0x7f, 0x7f, 0x82, 0x82, 0x7e, 0x7e, 0x7f, 0x81, 0x80, 0x7f, 0x81, 
  0x7f, 0x81, 0x85, 0x7f, 0x82, 0x7f, 0x7f, 0x7f, 0x80, 0x7f, 0x80, 0x7e, 0x7e, 0x81, 0x7d, 0x7d, 
  0x7d, 0x81, 0x80, 0x82, 0x7f, 0x7c, 0x83, 0x7f, 0x82, 0x80, 0x7d, 0x7c, 0x7f, 0x7f, 0x80, 0x83, 
  0x84, 0x81, 0x7c, 0x7f, 0x7f, 0x7d, 0x7b, 0x81, 0x83, 0x83, 0x84, 0x83, 0x7f, 0x80, 0x7c, 0x7c, 
  0x81, 0x80, 0x81, 0x81, 0x80, 0x81, 0x80, 0x7e, 0x7e, 0x7f, 0x7e, 0x7c, 0x80, 0x7f, 0x85, 0x86, 
  0x83, 0x81, 0x7f, 0x7f, 0x7b, 0x7e, 0x7f, 0x7e, 0x81, 0x81, 0x84, 0x80, 0x7e, 0x7f, 0x7e, 0x7c, 
  0x84, 0x84, 0x83, 0x83, 0x7a, 0x82, 0x7c, 0x7f, 0x87, 0x7f, 0x7c, 0x81, 0x7e, 0x7f, 0x82, 0x7f, 
  0x80, 0x85, 0x81, 0x81, 0x7f, 0x7f, 0x7f, 0x80, 0x7e, 0x80, 0x7f, 0x7f, 0x83, 0x81, 0x7f, 0x82, 
  0x80, 0x7e, 0x81, 0x81, 0x84, 0x82, 0x85, 0x7e, 0x7b, 0x7d, 0x7f, 0x83, 0x7e, 0x82, 0x82, 0x80, 
  0x7c, 0x84, 0x7c, 0x82, 0x81, 0x7e, 0x80, 0x7c, 0x80, 0x83, 0x80, 0x7d, 0x81, 0x7d, 0x7e, 0x7d, 
  0x7d, 0x7d, 0x84, 0x83, 0x84, 0x7e, 0x80, 0x7c, 0x7f, 0x80, 0x82, 0x82, 0x87, 0x86, 0x7e, 0x82, 
  0x82, 0x7e, 0x81, 0x7e, 0x7f, 0x80, 0x82, 0x84, 0x83, 0x84, 0x84, 0x80, 0x7e, 0x7d, 0x7e, 0x81, 
  0x81, 0x82, 0x81, 0x81, 0x81, 0x7e, 0x80, 0x7e, 0x82, 0x7d, 0x84, 0x7f, 0x80, 0x80, 0x7e, 0x84, 
  0x7e, 0x80, 0x81, 0x7d, 0x81, 0x81, 0x7f, 0x81, 0x7e, 0x7b, 0x7c, 0x84, 0x80, 0x80, 0x82, 0x7e, 
  0x81, 0x82, 0x7c, 0x80, 0x7e, 0x7d, 0x84, 0x80, 0x83, 0x81, 0x83, 0x7e, 0x7c, 0x7c, 0x7f, 0x80, 
  0x7c, 0x86, 0x80, 0x83, 0x80, 0x82, 0x82, 0x7c, 0x7e, 0x7c, 0x81, 0x84, 0x7c, 0x7e, 0x82, 0x7e, 
  0x7e, 0x81, 0x7e, 0x7e, 0x82, 0x7e, 0x7f, 0x7d, 0x77, 0x7c, 0x84, 0x7d, 0x85, 0x81, 0x81, 0x7f, 
  0x81, 0x7c, 0x7e, 0x7b, 0x80, 0x82, 0x83, 0x7f, 0x82, 0x84, 0x7e, 0x80, 0x84, 0x81, 0x82, 0x7f, 
  0x7e, 0x83, 0x81, 0x7c, 0x84, 0x7f, 0x83, 0x82, 0x7e, 0x7d, 0x83, 0x7c, 0x7d, 0x7f, 0x79, 0x82, 
  0x84, 0x82, 0x7e, 0x85, 0x79, 0x81, 0x7e, 0x81, 0x84, 0x7d, 0x83, 0x81, 0x81, 0x7d, 0x81, 0x85, 
  0x7d, 0x7d, 0x7f, 0x7f, 0x7e, 0x7e, 0x84, 0x84, 0x7f, 0x7f, 0x80, 0x81, 0x7e, 0x7f, 0x80, 0x81, 
  0x82, 0x82, 0x86, 0x82, 0x81, 0x7f, 0x7a, 0x7e, 0x7f, 0x7f, 0x88, 0x84, 0x7f, 0x83, 0x82, 0x81, 
  0x7f, 0x7f, 0x82, 0x81, 0x84, 0x81, 0x81, 0x84, 0x7d, 0x82, 0x82, 0x7b, 0x81, 0x7b, 0x80, 0x83, 
  0x80, 0x80, 0x80, 0x7e, 0x81, 0x7b, 0x83, 0x83, 0x7f, 0x7e, 0x81, 0x7f, 0x7f, 0x7d, 0x7e, 0x84, 
  0x80, 0x7e, 0x82, 0x7e, 0x7b, 0x80, 0x81, 0x80, 0x7f, 0x7a, 0x7f, 0x7f, 0x7d, 0x87, 0x7d, 0x7e, 
  0x83, 0x7d, 0x7f, 0x80, 0x7e, 0x7d, 0x84, 0x7d, 0x81, 0x81, 0x82, 0x83, 0x82, 0x7b, 0x7c, 0x7d, 
  0x7e, 0x7e, 0x7e, 0x88, 0x81, 0x85, 0x7f, 0x81, 0x85, 0x7c, 0x7f, 0x82, 0x7e, 0x81, 0x7e, 0x81, 
  0x85, 0x84, 0x83, 0x82, 0x7c, 0x7a, 0x7f, 0x7e, 0x7c, 0x80, 0x7e, 0x82, 0x80, 0x81, 0x80, 0x82, 
  0x7e, 0x7e, 0x7f, 0x80, 0x7c, 0x80, 0x7e, 0x83, 0x82, 0x7e, 0x81, 0x7c, 0x7d, 0x7f, 0x7b, 0x7c, 
  0x83, 0x82, 0x7e, 0x83, 0x7f, 0x7e, 0x7d, 0x7e, 0x8a, 0x7e, 0x7d, 0x85, 0x83, 0x7e, 0x84, 0x85, 
  0x80, 0x81, 0x81, 0x81, 0x83, 0x7f, 0x83, 0x85, 0x81, 0x7f, 0x7e, 0x83, 0x7e, 0x7a, 0x7c, 0x80, 
  0x80, 0x82, 0x83, 0x7e, 0x7b, 0x7a, 0x81, 0x82, 0x7c, 0x7e, 0x85, 0x83, 0x7e, 0x86, 0x7e, 0x7f, 
  0x7d, 0x7f, 0x80, 0x81, 0x7d, 0x84, 0x81, 0x7d, 0x7b, 0x7d, 0x81, 0x82, 0x85, 0x82, 0x80, 0x7f, 
  0x84, 0x85, 0x7c, 0x82, 0x7d, 0x84, 0x80, 0x7e, 0x85, 0x7f, 0x7d, 0x85, 0x81, 0x7e, 0x80, 0x79, 
  0x82, 0x81, 0x7e, 0x80, 0x83, 0x85, 0x83, 0x7e, 0x7f, 0x7d, 0x7f, 0x80, 0x7c, 0x7f, 0x83, 0x82, 
  0x81, 0x7f, 0x7f, 0x81, 0x82, 0x7f, 0x7b, 0x81, 0x7f, 0x7d, 0x81, 0x83, 0x83, 0x82, 0x7f, 0x80, 
  0x82, 0x7c, 0x83, 0x82, 0x7e, 0x7f, 0x80, 0x81, 0x86, 0x7e, 0x83, 0x81, 0x85, 0x7d, 0x81, 0x7b, 
  0x85, 0x7a, 0x81, 0x85, 0x7e, 0x84, 0x7d, 0x83, 0x7e, 0x81, 0x82, 0x7e, 0x80, 0x7b, 0x7d, 0x81, 
  0x7e, 0x80, 0x7e, 0x81, 0x7d, 0x7c, 0x82, 0x82, 0x7f, 0x80, 0x84, 0x83, 0x7b, 0x7d, 0x81, 0x81, 
  0x7e, 0x83, 0x81, 0x85, 0x81, 0x7e, 0x84, 0x7e, 0x7c, 0x7f, 0x7c, 0x81, 0x7f, 0x81, 0x7d, 0x7c, 
  0x80, 0x82, 0x7f, 0x7e, 0x85, 0x80, 0x7f, 0x7b, 0x7f, 0x7f, 0x7d, 0x81, 0x81, 0x81, 0x7f, 0x80, 
  0x81, 0x82, 0x82, 0x82, 0x81, 0x7e, 0x80, 0x81, 0x81, 0x7e, 0x7e, 0x83, 0x83, 0x7e, 0x80, 0x80, 
  0x7f, 0x7e, 0x82, 0x7e, 0x7f, 0x7e, 0x7a, 0x87, 0x7d, 0x7f, 0x7f, 0x81, 0x7b, 0x81, 0x7e, 0x7f, 
  0x84, 0x7f, 0x7f, 0x7e, 0x85, 0x81, 0x83, 0x82, 0x82, 0x80, 0x80, 0x80, 0x7f, 0x80, 0x80, 0x83, 
  0x81, 0x7f, 0x81, 0x81, 0x82, 0x7f, 0x7d, 0x7c, 0x7f, 0x7d, 0x7e, 0x7e, 0x84, 0x87, 0x82, 0x87, 
  0x85, 0x7f, 0x80, 0x7e, 0x7d, 0x80, 0x7e, 0x84, 0x84, 0x7d, 0x7d, 0x82, 0x7f, 0x80, 0x7a, 0x82, 
  0x7e, 0x78, 0x85, 0x80, 0x86, 0x83, 0x83, 0x81, 0x81, 0x7d, 0x80, 0x80, 0x7e, 0x82, 0x81, 0x7f, 
  0x7f, 0x80, 0x85, 0x82, 0x80, 0x81, 0x86, 0x78, 0x7c, 0x81, 0x80, 0x82, 0x7c, 0x83, 0x82, 0x80, 
  0x7d, 0x7f, 0x7f, 0x7b, 0x82, 0x7c, 0x81, 0x7e, 0x81, 0x83, 0x7d, 0x81, 0x7d, 0x7f, 0x7f, 0x7d, 
  0x81, 0x7e, 0x81, 0x82, 0x81, 0x7f, 0x81, 0x82, 0x7b, 0x7d, 0x81, 0x82, 0x7e, 0x7a, 0x80, 0x85, 
  0x81, 0x80, 0x81, 0x85, 0x79, 0x7e, 0x81, 0x83, 0x82, 0x80, 0x81, 0x7d, 0x84, 0x80, 0x83, 0x7d, 
  0x82, 0x7f, 0x7d, 0x7e, 0x7d, 0x7d, 0x7b, 0x80, 0x85, 0x80, 0x83, 0x80, 0x84, 0x81, 0x7f, 0x7c, 
  0x82, 0x7b, 0x7e, 0x7f, 0x81, 0x82, 0x84, 0x81, 0x84, 0x82, 0x7b, 0x81, 0x7b, 0x80, 0x80, 0x83, 
  0x84, 0x7c, 0x81, 0x7e, 0x80, 0x7f, 0x7c, 0x7e, 0x7e, 0x7e, 0x7f, 0x7c, 0x80, 0x82, 0x85, 0x83, 
  0x7f, 0x7d, 0x81, 0x80, 0x7f, 0x86, 0x80, 0x7e, 0x81, 0x7e, 0x7f, 0x7d, 0x81, 0x7f, 0x83, 0x80, 
  0x82, 0x81, 0x82, 0x80, 0x83, 0x82, 0x7c, 0x81, 0x83, 0x7f, 0x7e, 0x7f, 0x84, 0x7e, 0x7e, 0x80, 
  0x82, 0x80, 0x7c, 0x83, 0x7c, 0x7f, 0x7d, 0x86, 0x7f, 0x7f, 0x7c, 0x81, 0x84, 0x7e, 0x81, 0x83, 
  0x80, 0x82, 0x81, 0x85, 0x81, 0x7d, 0x81, 0x87, 0x7b, 0x80, 0x80, 0x81, 0x7e, 0x7c, 0x81, 0x81, 
  0x82, 0x84, 0x83, 0x7d, 0x80, 0x7d, 0x79, 0x81, 0x80, 0x7c, 0x83, 0x82, 0x83, 0x83, 0x80, 0x80, 
  0x7d, 0x7f, 0x7c, 0x7f, 0x7f, 0x83, 0x7f, 0x81, 0x7f, 0x80, 0x84, 0x80, 0x81, 0x7c, 0x7c, 0x7e, 
  0x80, 0x80, 0x84, 0x84, 0x84, 0x84, 0x80, 0x81, 0x7d, 0x7f, 0x7e, 0x7e, 0x7e, 0x81, 0x81, 0x84, 
  0x7f, 0x86, 0x7f, 0x83, 0x7e, 0x81, 0x81, 0x7e, 0x80, 0x82, 0x7e, 0x81, 0x81, 0x83, 0x7e, 0x81, 
  0x81, 0x7d, 0x80, 0x79, 0x7f, 0x78, 0x7f, 0x80, 0x80, 0x82, 0x82, 0x83, 0x7e, 0x86, 0x80, 0x80, 
  0x7f, 0x7c, 0x7e, 0x80, 0x80, 0x7f, 0x80, 0x80, 0x7d, 0x82, 0x7f, 0x78, 0x7a, 0x7f, 0x7d, 0x82, 
  0x7f, 0x82, 0x7e, 0x7f, 0x7b, 0x82, 0x80, 0x7e, 0x81, 0x7e, 0x7f, 0x83, 0x83, 0x80, 0x80, 0x80, 
  0x7f, 0x80, 0x7f, 0x87, 0x7f, 0x85, 0x82, 0x80, 0x7f, 0x82, 0x81, 0x83, 0x7c, 0x7f, 0x7f, 0x83, 
  0x7c, 0x84, 0x7f, 0x7f, 0x7c, 0x7f, 0x7e, 0x83, 0x81, 0x80, 0x84, 0x80, 0x81, 0x80, 0x82, 0x7d, 
  0x83, 0x7c, 0x80, 0x7d, 0x7d, 0x84, 0x7e, 0x84, 0x80, 0x84, 0x7d, 0x81, 0x7f, 0x83, 0x7f, 0x83, 
  0x85, 0x81, 0x80, 0x84, 0x80, 0x7b, 0x81, 0x7b, 0x80, 0x7b, 0x7f, 0x7d, 0x81, 0x7e, 0x84, 0x85, 
  0x81, 0x82, 0x7f, 0x84, 0x80, 0x7e, 0x81, 0x7e, 0x7f, 0x7e, 0x80, 0x7d, 0x81, 0x83, 0x80, 0x81, 
  0x81, 0x82, 0x7e, 0x80, 0x85, 0x80, 0x85, 0x86, 0x82, 0x82, 0x7f, 0x7e, 0x7b, 0x7e, 0x79, 0x7d, 
  0x7f, 0x75, 0x7e, 0x7d, 0x83, 0x7e, 0x84, 0x81, 0x84, 0x81, 0x80, 0x80, 0x7f, 0x82, 0x83, 0x80, 
  0x80, 0x83, 0x7f, 0x7c, 0x7f, 0x7c, 0x7e, 0x7c, 0x7f, 0x7e, 0x7c, 0x81, 0x81, 0x85, 0x84, 0x7e, 
  0x80, 0x82, 0x81, 0x7f, 0x81, 0x7d, 0x7f, 0x81, 0x7e, 0x84, 0x83, 0x83, 0x80, 0x7f, 0x79, 0x80, 
  0x81, 0x7d, 0x7f, 0x83, 0x81, 0x81, 0x81, 0x81, 0x81, 0x80, 0x82, 0x80, 0x7d, 0x83, 0x81, 0x80, 
  0x80, 0x7c, 0x7f, 0x80, 0x7c, 0x7e, 0x82, 0x7f, 0x7d, 0x86, 0x80, 0x7f, 0x7f, 0x7f, 0x7f, 0x7e, 
  0x81, 0x82, 0x80, 0x83, 0x81, 0x86, 0x82, 0x87, 0x7f, 0x82, 0x83, 0x7e, 0x7d, 0x7f, 0x81, 0x7c, 
  0x82, 0x7f, 0x7c, 0x83, 0x80, 0x81, 0x84, 0x82, 0x7d, 0x81, 0x7f, 0x81, 0x7c, 0x7f, 0x7f, 0x7e, 
  0x7d, 0x81, 0x7d, 0x81, 0x83, 0x81, 0x83, 0x7e, 0x7b, 0x7d, 0x7d, 0x7b, 0x7b, 0x82, 0x7f, 0x7d, 
  0x80, 0x80, 0x86, 0x86, 0x87, 0x7e, 0x7f, 0x80, 0x82, 0x7f, 0x81, 0x84, 0x80, 0x81, 0x80, 0x80, 
  0x7d, 0x7e, 0x7f, 0x7f, 0x7e, 0x7e, 0x80, 0x7e, 0x80, 0x7d, 0x84, 0x7e, 0x83, 0x82, 0x83, 0x80, 
  0x84, 0x81, 0x7f, 0x7f, 0x7a, 0x81, 0x7e, 0x7e, 0x83, 0x81, 0x86, 0x80, 0x82, 0x80, 0x85, 0x7f, 
  0x80, 0x7f, 0x81, 0x83, 0x82, 0x7e, 0x7e, 0x82, 0x7b, 0x7f, 0x80, 0x7e, 0x7f, 0x7e, 0x83, 0x80, 
  0x81, 0x7f, 0x81, 0x82, 0x7e, 0x81, 0x81, 0x82, 0x7f, 0x81, 0x83, 0x7f, 0x81, 0x7f, 0x82, 0x7e, 
  0x81, 0x81, 0x7f, 0x80, 0x80, 0x80, 0x80, 0x7c, 0x83, 0x7d, 0x81, 0x7e, 0x7c, 0x82, 0x81, 0x81, 
  0x83, 0x7f, 0x84, 0x7d, 0x7d, 0x80, 0x7e, 0x80, 0x81, 0x82, 0x80, 0x82, 0x83, 0x80, 0x82, 0x7e, 
  0x7d, 0x80, 0x80, 0x83, 0x82, 0x7e, 0x7c, 0x82, 0x80, 0x7f, 0x80, 0x82, 0x81, 0x80, 0x7d, 0x7e, 
  0x7d, 0x7d, 0x7f, 0x7e, 0x7e, 0x7e, 0x84, 0x81, 0x81, 0x7f, 0x83, 0x81, 0x7f, 0x82, 0x7e, 0x82, 
  0x7e, 0x7e, 0x84, 0x82, 0x80, 0x82, 0x7e, 0x83, 0x7f, 0x80, 0x80, 0x7d, 0x80, 0x7f, 0x81, 0x80, 
  0x80, 0x7e, 0x80, 0x7f, 0x81, 0x7e, 0x82, 0x80, 0x82, 0x7e, 0x7e, 0x83, 0x7f, 0x83, 0x80, 0x80, 
  0x81, 0x83, 0x81, 0x7e, 0x7f, 0x7d, 0x80, 0x7c, 0x80, 0x7d, 0x81, 0x81, 0x7f, 0x7e, 0x7c, 0x7f, 
  0x7d, 0x7e, 0x81, 0x81, 0x82, 0x83, 0x84, 0x83, 0x7f, 0x7e, 0x7e, 0x7d, 0x7e, 0x7d, 0x81, 0x80, 
  0x7e, 0x7b, 0x80, 0x7f, 0x7e, 0x7d, 0x82, 0x7b, 0x7e, 0x83, 0x84, 0x83, 0x83, 0x80, 0x82, 0x7e, 
  0x7f, 0x80, 0x80, 0x7f, 0x7d, 0x80, 0x7d, 0x7d, 0x7e, 0x82, 0x82, 0x81, 0x82, 0x82, 0x7c, 0x83, 
  0x80, 0x84, 0x80, 0x81, 0x83, 0x82, 0x83, 0x7d, 0x80, 0x80, 0x7e, 0x82, 0x7d, 0x7f, 0x7f, 0x82, 
  0x82, 0x7e, 0x82, 0x80, 0x7f, 0x80, 0x81, 0x7f, 0x7e, 0x80, 0x80, 0x83, 0x81, 0x81, 0x80, 0x7e, 
  0x7c, 0x80, 0x7f, 0x82, 0x78, 0x81, 0x83, 0x84, 0x83, 0x83, 0x83, 0x7f, 0x80, 0x80, 0x84, 0x82, 
  0x81, 0x7f, 0x81, 0x82, 0x82, 0x81, 0x85, 0x7e, 0x82, 0x7f, 0x7b, 0x7f, 0x7b, 0x7e, 0x80, 0x83, 
  0x81, 0x82, 0x85, 0x83, 0x82, 0x83, 0x7a, 0x7d, 0x7c, 0x7e, 0x7e, 0x80, 0x85, 0x85, 0x7e, 0x84, 
  0x81, 0x7e, 0x80, 0x7b, 0x81, 0x7f, 0x82, 0x82, 0x7e, 0x81, 0x7d, 0x7e, 0x7e, 0x7a, 0x7d, 0x80, 
  0x81, 0x7e, 0x7c, 0x83, 0x7f, 0x82, 0x80, 0x7f, 0x80, 0x7e, 0x7e, 0x84, 0x80, 0x81, 0x81, 0x7d, 
  0x7d, 0x7e, 0x7d, 0x7f, 0x7f, 0x84, 0x84, 0x81, 0x81, 0x81, 0x84, 0x82, 0x84, 0x84, 0x82, 0x82, 
  0x7f, 0x7e, 0x80, 0x7e, 0x80, 0x7d, 0x7e, 0x7d, 0x81, 0x82, 0x7f, 0x7f, 0x7b, 0x7c, 0x7e, 0x7d, 
  0x7f, 0x7d, 0x7f, 0x83, 0x83, 0x82, 0x85, 0x82, 0x80, 0x81, 0x7e, 0x80, 0x80, 0x82, 0x83, 0x80, 
  0x81, 0x80, 0x82, 0x7d, 0x81, 0x7f, 0x80, 0x82, 0x80, 0x82, 0x7d, 0x7d, 0x7d, 0x7e, 0x81, 0x85, 
  0x81, 0x85, 0x83, 0x7e, 0x82, 0x7c, 0x7d, 0x7d, 0x7e, 0x7d, 0x81, 0x82, 0x85, 0x85, 0x7e, 0x82, 
  0x83, 0x80, 0x83, 0x7a, 0x7c, 0x7f, 0x7e, 0x7f, 0x84, 0x83, 0x7f, 0x83, 0x81, 0x82, 0x7e, 0x83, 
  0x7e, 0x7f, 0x7c, 0x80, 0x80, 0x7c, 0x83, 0x7c, 0x81, 0x81, 0x84, 0x81, 0x7f, 0x7d, 0x7d, 0x7c, 
  0x7c, 0x81, 0x7e, 0x81, 0x7f, 0x83, 0x82, 0x7f, 0x82, 0x7d, 0x7b, 0x7b, 0x7d, 0x7c, 0x7f, 0x7f, 
  0x81, 0x80, 0x7f, 0x80, 0x81, 0x86, 0x82, 0x7e, 0x82, 0x81, 0x7f, 0x7f, 0x82, 0x7f, 0x80, 0x7f, 
  0x7e, 0x7b, 0x7d, 0x7d, 0x83, 0x84, 0x84, 0x81, 0x7c, 0x80, 0x7b, 0x7b, 0x80, 0x81, 0x82, 0x81, 
  0x83, 0x84, 0x87, 0x82, 0x7f, 0x80, 0x7f, 0x7f, 0x7e, 0x82, 0x81, 0x82, 0x81, 0x84, 0x7e, 0x7f, 
  0x82, 0x82, 0x7d, 0x80, 0x80, 0x7e, 0x84, 0x7e, 0x7f, 0x84, 0x80, 0x82, 0x83, 0x81, 0x81, 0x7f, 
  0x81, 0x80, 0x80, 0x84, 0x81, 0x81, 0x7f, 0x7f, 0x80, 0x82, 0x80, 0x7f, 0x83, 0x80, 0x7f, 0x85, 
  0x7c, 0x7a, 0x81, 0x7e, 0x81, 0x80, 0x83, 0x81, 0x83, 0x81, 0x81, 0x7f, 0x7f, 0x7f, 0x7f, 0x81, 
  0x80, 0x7c, 0x7d, 0x7d, 0x82, 0x83, 0x81, 0x7e, 0x7d, 0x7d, 0x7f, 0x7f, 0x81, 0x82, 0x82, 0x85, 
  0x81, 0x7e, 0x80, 0x81, 0x7e, 0x7c, 0x80, 0x7f, 0x7e, 0x7d, 0x7e, 0x7d, 0x80, 0x81, 0x7f, 0x80, 
  0x81, 0x83, 0x7e, 0x7e, 0x7e, 0x7e, 0x7e, 0x7d, 0x7f, 0x83, 0x80, 0x81, 0x83, 0x82, 0x80, 0x7c, 
  0x7e, 0x7f, 0x7d, 0x81, 0x85, 0x87, 0x85, 0x87, 0x83, 0x7f, 0x7e, 0x7f, 0x7f, 0x7d, 0x7e, 0x7d, 
  0x7d, 0x7c, 0x7d, 0x84, 0x80, 0x7d, 0x7b, 0x7f, 0x80, 0x84, 0x82, 0x82, 0x81, 0x80, 0x82, 0x82, 
  0x81, 0x81, 0x83, 0x7c, 0x7c, 0x7f, 0x7f, 0x82, 0x82, 0x81, 0x80, 0x80, 0x82, 0x83, 0x81, 0x83, 
  0x81, 0x7f, 0x83, 0x81, 0x83, 0x84, 0x83, 0x80, 0x80, 0x81, 0x80, 0x81, 0x81, 0x81, 0x80, 0x81, 
  0x82, 0x82, 0x83, 0x81, 0x80, 0x7f, 0x82, 0x82, 0x83, 0x82, 0x85, 0x85, 0x84, 0x83, 0x82, 0x83, 
  0x82, 0x82, 0x80, 0x80, 0x81, 0x81, 0x82, 0x82, 0x80, 0x7f, 0x80, 0x7f, 0x7e, 0x7e, 0x7b, 0x7c, 
  0x7c, 0x80, 0x83, 0x85, 0x84, 0x82, 0x81, 0x7e, 0x7d, 0x7e, 0x7f, 0x7d, 0x81, 0x7f, 0x7e, 0x7f, 
  0x7f, 0x7d, 0x82, 0x7f, 0x7c, 0x7c, 0x7b, 0x7b, 0x7b, 0x7c, 0x7b, 0x7a, 0x7a, 0x7f, 0x80, 0x80, 
  0x82, 0x7e, 0x7c, 0x7c, 0x7a, 0x79, 0x79, 0x79, 0x79, 0x79, 0x79, 0x79, 0x7b, 0x7a, 0x7b, 0x7c, 
  0x7a, 0x7b, 0x78, 0x79, 0x7b, 0x7b, 0x7d, 0x7d, 0x7c, 0x7d, 0x7d, 0x7e, 0x7f, 0x7f, 0x7c, 0x7c, 
  0x7c, 0x7c, 0x7d, 0x7d, 0x7b, 0x7a, 0x79, 0x78, 0x79, 0x7a, 0x79, 0x77, 0x77, 0x76, 0x76, 0x77, 
  0x77, 0x78, 0x79, 0x7b, 0x7c, 0x7d, 0x7e, 0x7f, 0x7f, 0x7e, 0x7e, 0x7b, 0x7a, 0x79, 0x7a, 0x7b, 
  0x7d, 0x80, 0x84, 0x8a, 0x90, 0x97, 0x9c, 0xa0, 0xa2, 0xa2, 0xa2, 0xa0, 0x9d, 0x98, 0x95, 0x92, 
  0x90, 0x8f, 0x8f, 0x8e, 0x8f, 0x8e, 0x8e, 0x8d, 0x8a, 0x88, 0x86, 0x83, 0x81, 0x80, 0x7f, 0x7f, 
  0x7f, 0x7f, 0x80, 0x82, 0x84, 0x86, 0x88, 0x88, 0x89, 0x89, 0x88, 0x87, 0x86, 0x85, 0x85, 0x84, 
  0x84, 0x84, 0x84, 0x84, 0x84, 0x83, 0x82, 0x81, 0x7e, 0x7d, 0x7a, 0x78, 0x77, 0x76, 0x76, 0x76, 
  0x77, 0x78, 0x79, 0x7b, 0x7c, 0x7e, 0x7f, 0x80, 0x7f, 0x80, 0x80, 0x80, 0x82, 0x83, 0x84, 0x85, 
  0x86, 0x87, 0x87, 0x87, 0x86, 0x84, 0x83, 0x80, 0x7e, 0x7c, 0x7b, 0x7a, 0x78, 0x78, 0x77, 0x77, 
  0x78, 0x79, 0x79, 0x7a, 0x7a, 0x7b, 0x7c, 0x7c, 0x7c, 0x7d, 0x7e, 0x7e, 0x7f, 0x80, 0x80, 0x80, 
  0x80, 0x80, 0x7f, 0x7e, 0x7d, 0x7c, 0x7a, 0x78, 0x76, 0x75, 0x74, 0x74, 0x74, 0x73, 0x73, 0x73, 
  0x73, 0x73, 0x73, 0x73, 0x73, 0x73, 0x72, 0x72, 0x73, 0x73, 0x74, 0x75, 0x75, 0x76, 0x76, 0x76, 
  0x77, 0x78, 0x79, 0x7a, 0x7b, 0x7a, 0x7a, 0x79, 0x79, 0x78, 0x78, 0x76, 0x75, 0x74, 0x73, 0x72, 
  0x73, 0x73, 0x74, 0x75, 0x75, 0x75, 0x76, 0x76, 0x77, 0x79, 0x7a, 0x7b, 0x7b, 0x7a, 0x7a, 0x79, 
  0x78, 0x77, 0x74, 0x71, 0x6c, 0x6b, 0x6b, 0x6c, 0x73, 0x7f, 0x8f, 0x9f, 0xaf, 0xb9, 0xc1, 0xc5, 
  0xc7, 0xc7, 0xc0, 0xb5, 0xa7, 0x9a, 0x92, 0x8d, 0x8b, 0x89, 0x88, 0x87, 0x88, 0x89, 0x89, 0x88, 
  0x84, 0x7f, 0x79, 0x74, 0x72, 0x71, 0x72, 0x76, 0x7c, 0x85, 0x8e, 0x98, 0xa0, 0xa7, 0xaa, 0xa9, 
  0xa5, 0x9e, 0x96, 0x8e, 0x86, 0x80, 0x7c, 0x78, 0x76, 0x75, 0x76, 0x77, 0x77, 0x75, 0x73, 0x71, 
  0x6f, 0x6e, 0x6f, 0x70, 0x72, 0x76, 0x7b, 0x81, 0x87, 0x8c, 0x91, 0x94, 0x95, 0x95, 0x94, 0x91, 
  0x8d, 0x89, 0x85, 0x80, 0x7c, 0x79, 0x77, 0x77, 0x77, 0x77, 0x76, 0x75, 0x73, 0x72, 0x72, 0x73, 
  0x75, 0x76, 0x77, 0x77, 0x79, 0x7d, 0x82, 0x86, 0x88, 0x88, 0x86, 0x84, 0x82, 0x81, 0x7f, 0x7b, 
  0x77, 0x73, 0x71, 0x71, 0x73, 0x74, 0x75, 0x75, 0x74, 0x75, 0x77, 0x79, 0x7a, 0x79, 0x78, 0x77, 
  0x78, 0x7a, 0x7d, 0x80, 0x82, 0x84, 0x86, 0x88, 0x89, 0x8a, 0x8a, 0x8a, 0x89, 0x88, 0x86, 0x85, 
  0x85, 0x84, 0x83, 0x82, 0x81, 0x80, 0x80, 0x80, 0x80, 0x7f, 0x7d, 0x7b, 0x7a, 0x7a, 0x7a, 0x79, 
  0x79, 0x78, 0x78, 0x7a, 0x7c, 0x7d, 0x7d, 0x7c, 0x7b, 0x7a, 0x7a, 0x7a, 0x7a, 0x79, 0x78, 0x78, 
  0x78, 0x79, 0x79, 0x78, 0x77, 0x76, 0x74, 0x73, 0x73, 0x73, 0x74, 0x75, 0x77, 0x78, 0x79, 0x7b, 
  0x7c, 0x7d, 0x7c, 0x7b, 0x79, 0x77, 0x76, 0x76, 0x76, 0x77, 0x79, 0x7b, 0x7d, 0x80, 0x83, 0x85, 
  0x87, 0x86, 0x86, 0x83, 0x81, 0x7e, 0x7b, 0x77, 0x74, 0x6e, 0x6b, 0x68, 0x66, 0x66, 0x64, 0x64, 
  0x61, 0x6d, 0x7d, 0x9b, 0xb2, 0xc5, 0xcb, 0xcb, 0xcd, 0xce, 0xd0, 0xc3, 0xaf, 0x91, 0x7c, 0x72, 
  0x73, 0x78, 0x7a, 0x78, 0x75, 0x76, 0x7c, 0x82, 0x85, 0x7f, 0x78, 0x70, 0x6e, 0x72, 0x79, 0x83, 
  0x8b, 0x98, 0xa2, 0xae, 0xb5, 0xb8, 0xb7, 0xb1, 0xa6, 0x96, 0x86, 0x75, 0x69, 0x62, 0x60, 0x61, 
  0x62, 0x64, 0x67, 0x6b, 0x70, 0x74, 0x76, 0x76, 0x75, 0x75, 0x78, 0x7e, 0x85, 0x8c, 0x93, 0x98, 
  0x9b, 0x9c, 0x9c, 0x99, 0x92, 0x88, 0x7d, 0x72, 0x6a, 0x65, 0x63, 0x63, 0x64, 0x67, 0x6b, 0x70, 
  0x76, 0x7b, 0x7d, 0x7d, 0x7d, 0x7e, 0x81, 0x84, 0x88, 0x8a, 0x8b, 0x8c, 0x8e, 0x8f, 0x8e, 0x89, 
  0x82, 0x7a, 0x73, 0x6d, 0x69, 0x67, 0x67, 0x69, 0x6c, 0x71, 0x76, 0x7a, 0x7d, 0x7f, 0x80, 0x80, 
  0x80, 0x7f, 0x7e, 0x7e, 0x80, 0x82, 0x85, 0x87, 0x88, 0x89, 0x89, 0x87, 0x84, 0x80, 0x7b, 0x78, 
  0x75, 0x74, 0x74, 0x76, 0x79, 0x7c, 0x80, 0x82, 0x85, 0x87, 0x89, 0x8c, 0x8d, 0x8d, 0x8b, 0x89, 
  0x87, 0x86, 0x84, 0x82, 0x80, 0x7f, 0x7f, 0x80, 0x80, 0x80, 0x7f, 0x7e, 0x7e, 0x7e, 0x7e, 0x7d, 
  0x7d, 0x7d, 0x7d, 0x7e, 0x7f, 0x80, 0x80, 0x7f, 0x7e, 0x7c, 0x79, 0x77, 0x75, 0x74, 0x74, 0x74, 
  0x74, 0x74, 0x76, 0x79, 0x7c, 0x7d, 0x7e, 0x7c, 0x7b, 0x7a, 0x7a, 0x7a, 0x7a, 0x7a, 0x79, 0x79, 
  0x7b, 0x7c, 0x7f, 0x81, 0x82, 0x82, 0x82, 0x81, 0x7f, 0x7e, 0x7b, 0x79, 0x77, 0x76, 0x77, 0x79, 
  0x7c, 0x7f, 0x82, 0x84, 0x87, 0x89, 0x8b, 0x8a, 0x8a, 0x88, 0x85, 0x83, 0x80, 0x7e, 0x7b, 0x79, 
  0x75, 0x73, 0x70, 0x6e, 0x6c, 0x69, 0x66, 0x63, 0x63, 0x6b, 0x7c, 0x98, 0xaf, 0xc6, 0xce, 0xce, 
  0xc8, 0xc2, 0xba, 0xab, 0x97, 0x7b, 0x65, 0x58, 0x59, 0x65, 0x71, 0x7c, 0x81, 0x85, 0x8a, 0x8f, 
  0x94, 0x91, 0x8d, 0x83, 0x7e, 0x7f, 0x86, 0x92, 0x9d, 0xa6, 0xa8, 0xa8, 0xa3, 0x9d, 0x93, 0x86, 
  0x78, 0x69, 0x5d, 0x56, 0x57, 0x5e, 0x67, 0x71, 0x79, 0x7f, 0x82, 0x84, 0x85, 0x85, 0x84, 0x82, 
  0x81, 0x81, 0x84, 0x8a, 0x8f, 0x94, 0x95, 0x92, 0x8c, 0x84, 0x7b, 0x73, 0x6c, 0x66, 0x62, 0x62, 
  0x65, 0x6d, 0x76, 0x7e, 0x84, 0x88, 0x8a, 0x8b, 0x8b, 0x8a, 0x88, 0x85, 0x83, 0x82, 0x83, 0x85, 
  0x86, 0x86, 0x83, 0x7e, 0x79, 0x74, 0x6f, 0x6c, 0x6a, 0x6a, 0x6c, 0x71, 0x78, 0x7f, 0x85, 0x88, 
  0x89, 0x87, 0x83, 0x7f, 0x7b, 0x78, 0x75, 0x74, 0x75, 0x78, 0x7c, 0x7f, 0x80, 0x7f, 0x7c, 0x78, 
  0x76, 0x73, 0x72, 0x72, 0x72, 0x75, 0x79, 0x7e, 0x83, 0x86, 0x87, 0x87, 0x85, 0x83, 0x82, 0x82, 
  0x81, 0x81, 0x80, 0x80, 0x80, 0x81, 0x82, 0x81, 0x80, 0x7e, 0x7c, 0x7c, 0x7d, 0x7f, 0x82, 0x85, 
  0x88, 0x8c, 0x8f, 0x94, 0x96, 0x98, 0x96, 0x91, 0x8b, 0x86, 0x82, 0x7e, 0x7c, 0x7a, 0x78, 0x77, 
  0x78, 0x7b, 0x80, 0x84, 0x88, 0x89, 0x89, 0x89, 0x89, 0x8a, 0x89, 0x88, 0x85, 0x82, 0x7f, 0x7e, 
  0x7d, 0x7b, 0x79, 0x76, 0x73, 0x74, 0x75, 0x76, 0x76, 0x76, 0x76, 0x77, 0x79, 0x7c, 0x7e, 0x7f, 
  0x7e, 0x7e, 0x7e, 0x7f, 0x81, 0x82, 0x81, 0x7f, 0x7f, 0x7d, 0x7d, 0x7c, 0x7c, 0x7b, 0x7b, 0x7a, 
  0x7a, 0x7a, 0x7a, 0x7a, 0x7b, 0x7d, 0x7e, 0x80, 0x81, 0x81, 0x82, 0x83, 0x84, 0x84, 0x84, 0x83, 
  0x82, 0x81, 0x7f, 0x7e, 0x7b, 0x7a, 0x79, 0x79, 0x7a, 0x7d, 0x7e, 0x7f, 0x81, 0x82, 0x85, 0x87, 
  0x87, 0x86, 0x85, 0x82, 0x7d, 0x7a, 0x77, 0x74, 0x71, 0x6e, 0x6d, 0x6e, 0x70, 0x70, 0x6e, 0x67, 
  0x62, 0x67, 0x7f, 0xa1, 0xc1, 0xd5, 0xd4, 0xca, 0xbb, 0xb3, 0xa7, 0x98, 0x7b, 0x5b, 0x45, 0x41, 
  0x51, 0x6a, 0x83, 0x91, 0x97, 0x99, 0x9a, 0x9e, 0x9f, 0x9b, 0x8f, 0x80, 0x78, 0x78, 0x83, 0x8f, 
  0x9a, 0x9c, 0x98, 0x90, 0x88, 0x81, 0x7a, 0x73, 0x6a, 0x64, 0x63, 0x68, 0x72, 0x7e, 0x87, 0x8b, 
  0x8c, 0x89, 0x86, 0x83, 0x7f, 0x7a, 0x76, 0x75, 0x75, 0x78, 0x7d, 0x82, 0x85, 0x86, 0x83, 0x7f, 
  0x7a, 0x76, 0x74, 0x72, 0x72, 0x72, 0x74, 0x79, 0x7f, 0x85, 0x89, 0x8b, 0x8a, 0x87, 0x84, 0x81, 
  0x80, 0x7f, 0x7d, 0x7c, 0x7b, 0x7b, 0x7c, 0x7e, 0x7e, 0x7d, 0x7a, 0x78, 0x77, 0x77, 0x79, 0x7b, 
  0x7d, 0x7d, 0x7e, 0x7f, 0x80, 0x81, 0x81, 0x7f, 0x7c, 0x78, 0x76, 0x75, 0x76, 0x76, 0x77, 0x77, 
  0x7a, 0x7d, 0x81, 0x84, 0x83, 0x80, 0x7d, 0x7c, 0x7c, 0x7d, 0x7d, 0x7d, 0x7c, 0x7b, 0x7c, 0x7f, 
  0x80, 0x80, 0x7f, 0x7e, 0x7f, 0x80, 0x82, 0x83, 0x83, 0x82, 0x82, 0x82, 0x82, 0x81, 0x7f, 0x7d, 
  0x7c, 0x7b, 0x7b, 0x7c, 0x7d, 0x7e, 0x7f, 0x80, 0x82, 0x83, 0x85, 0x88, 0x8a, 0x8d, 0x8f, 0x92, 
  0x94, 0x96, 0x95, 0x92, 0x8c, 0x86, 0x7f, 0x7b, 0x74, 0x72, 0x70, 0x72, 0x76, 0x7c, 0x83, 0x88, 
  0x8d, 0x8e, 0x8e, 0x8c, 0x89, 0x87, 0x83, 0x80, 0x7c, 0x79, 0x78, 0x78, 0x78, 0x7a, 0x7a, 0x7a, 
  0x79, 0x7a, 0x7b, 0x7d, 0x7f, 0x7e, 0x7e, 0x7c, 0x7c, 0x7c, 0x7e, 0x80, 0x81, 0x7f, 0x7e, 0x7d, 
  0x7d, 0x7f, 0x80, 0x81, 0x82, 0x82, 0x81, 0x82, 0x83, 0x82, 0x82, 0x7f, 0x7d, 0x7b, 0x7d, 0x7e, 
  0x80, 0x81, 0x82, 0x82, 0x83, 0x82, 0x82, 0x81, 0x80, 0x7f, 0x7f, 0x7e, 0x7d, 0x7d, 0x7c, 0x7d, 
  0x7d, 0x7f, 0x80, 0x82, 0x82, 0x84, 0x85, 0x86, 0x86, 0x86, 0x83, 0x82, 0x7e, 0x7b, 0x78, 0x75, 
  0x74, 0x74, 0x78, 0x7c, 0x81, 0x82, 0x80, 0x7d, 0x7a, 0x78, 0x75, 0x71, 0x6d, 0x68, 0x69, 0x6c, 
  0x70, 0x76, 0x7c, 0x87, 0x96, 0xa7, 0xb3, 0xb9, 0xb6, 0xac, 0x9f, 0x8d, 0x7e, 0x6d, 0x60, 0x59, 
  0x58, 0x61, 0x6f, 0x81, 0x8f, 0x9b, 0xa0, 0xa3, 0xa2, 0x9f, 0x99, 0x91, 0x87, 0x7e, 0x7a, 0x7a, 
  0x7c, 0x7e, 0x7f, 0x7d, 0x7c, 0x7c, 0x7d, 0x7f, 0x80, 0x7f, 0x7e, 0x7d, 0x7e, 0x7f, 0x80, 0x80, 
  0x7d, 0x7b, 0x79, 0x78, 0x7a, 0x7b, 0x7c, 0x7c, 0x7c, 0x7d, 0x7f, 0x81, 0x81, 0x80, 0x7e, 0x7d, 
  0x7c, 0x7d, 0x7d, 0x7c, 0x7a, 0x77, 0x77, 0x78, 0x7b, 0x7d, 0x7e, 0x7e, 0x7e, 0x7e, 0x7f, 0x81, 
  0x82, 0x82, 0x83, 0x81, 0x83, 0x83, 0x84, 0x82, 0x7e, 0x79, 0x75, 0x74, 0x75, 0x79, 0x7d, 0x81, 
  0x85, 0x88, 0x8b, 0x8a, 0x89, 0x82, 0x7d, 0x76, 0x72, 0x72, 0x73, 0x77, 0x7b, 0x7f, 0x82, 0x85, 
  0x85, 0x83, 0x80, 0x7a, 0x79, 0x78, 0x7a, 0x7c, 0x7d, 0x7d, 0x7c, 0x7c, 0x7b, 0x7b, 0x7a, 0x79, 
  0x79, 0x7b, 0x80, 0x84, 0x89, 0x8a, 0x89, 0x85, 0x81, 0x7f, 0x7c, 0x7a, 0x7a, 0x79, 0x79, 0x7c, 
  0x7f, 0x82, 0x86, 0x85, 0x85, 0x84, 0x86, 0x88, 0x89, 0x88, 0x85, 0x83, 0x81, 0x82, 0x82, 0x82, 
  0x82, 0x83, 0x85, 0x88, 0x8b, 0x8b, 0x8a, 0x88, 0x84, 0x81, 0x7e, 0x7c, 0x7d, 0x80, 0x83, 0x87, 
  0x88, 0x88, 0x87, 0x88, 0x89, 0x8b, 0x8c, 0x8b, 0x89, 0x86, 0x83, 0x81, 0x7f, 0x7f, 0x7b, 0x7b, 
  0x79, 0x7a, 0x7c, 0x7f, 0x84, 0x83, 0x85, 0x80, 0x81, 0x7d, 0x7d, 0x7b, 0x79, 0x79, 0x77, 0x7c, 
  0x7b, 0x7f, 0x7f, 0x7f, 0x7e, 0x7f, 0x82, 0x85, 0x8b, 0x8b, 0x8d, 0x8b, 0x88, 0x83, 0x7d, 0x77, 
  0x70, 0x6f, 0x6f, 0x73, 0x78, 0x81, 0x86, 0x8c, 0x8c, 0x8a, 0x89, 0x86, 0x85, 0x83, 0x83, 0x7e, 
  0x7d, 0x7c, 0x7c, 0x7c, 0x7c, 0x7a, 0x78, 0x78, 0x7b, 0x80, 0x83, 0x84, 0x84, 0x82, 0x81, 0x81, 
  0x82, 0x81, 0x81, 0x7e, 0x7d, 0x7c, 0x7d, 0x7d, 0x7c, 0x7b, 0x79, 0x78, 0x79, 0x7a, 0x7d, 0x80, 
  0x83, 0x84, 0x83, 0x81, 0x7d, 0x7a, 0x77, 0x76, 0x75, 0x75, 0x76, 0x79, 0x7d, 0x81, 0x84, 0x86, 
  0x84, 0x83, 0x82, 0x80, 0x7c, 0x7a, 0x78, 0x79, 0x81, 0x89, 0x95, 0x97, 0x99, 0x90, 0x87, 0x7f, 
  0x75, 0x73, 0x6f, 0x76, 0x77, 0x80, 0x87, 0x8e, 0x95, 0x95, 0x92, 0x89, 0x81, 0x7a, 0x77, 0x79, 
  0x7d, 0x84, 0x87, 0x8a, 0x87, 0x84, 0x7f, 0x7b, 0x79, 0x79, 0x7a, 0x7e, 0x80, 0x83, 0x85, 0x87, 
  0x88, 0x87, 0x83, 0x7d, 0x76, 0x73, 0x74, 0x7a, 0x81, 0x85, 0x86, 0x84, 0x81, 0x7f, 0x7c, 0x79, 
  0x74, 0x71, 0x6e, 0x70, 0x75, 0x7d, 0x84, 0x88, 0x89, 0x87, 0x87, 0x87, 0x85, 0x80, 0x75, 0x6c, 
  0x67, 0x70, 0x7e, 0x92, 0x9e, 0x9f, 0x99, 0x8b, 0x83, 0x7a, 0x76, 0x70, 0x6c, 0x6a, 0x6e, 0x7b, 
  0x8a, 0x98, 0x9b, 0x96, 0x89, 0x7b, 0x71, 0x6e, 0x72, 0x75, 0x7d, 0x82, 0x86, 0x89, 0x8a, 0x89, 
  0x84, 0x7e, 0x74, 0x6d, 0x6a, 0x6e, 0x76, 0x80, 0x89, 0x8d, 0x8b, 0x86, 0x7f, 0x79, 0x74, 0x70, 
  0x6c, 0x6c, 0x70, 0x79, 0x82, 0x88, 0x89, 0x85, 0x7e, 0x77, 0x71, 0x6f, 0x72, 0x7c, 0x89, 0x94, 
  0x9a, 0x96, 0x90, 0x85, 0x7f, 0x7b, 0x7c, 0x7a, 0x79, 0x7a, 0x7e, 0x86, 0x8e, 0x92, 0x8d, 0x84, 
  0x7e, 0x7a, 0x7d, 0x81, 0x81, 0x7f, 0x79, 0x7a, 0x7f, 0x88, 0x8f, 0x89, 0x83, 0x74, 0x73, 0x73, 
  0x7e, 0x81, 0x84, 0x84, 0x81, 0x85, 0x86, 0x88, 0x7f, 0x7b, 0x74, 0x73, 0x7b, 0x80, 0x88, 0x87, 
  0x8a, 0x85, 0x87, 0x8a, 0x8a, 0x8b, 0x86, 0x83, 0x81, 0x81, 0x86, 0x85, 0x8b, 0x88, 0x89, 0x88, 
  0x87, 0x85, 0x81, 0x7e, 0x77, 0x76, 0x75, 0x77, 0x7c, 0x81, 0x85, 0x89, 0x8b, 0x89, 0x85, 0x80, 
  0x7d, 0x7a, 0x7e, 0x81, 0x81, 0x7f, 0x79, 0x75, 0x72, 0x79, 0x7b, 0x80, 0x7e, 0x7f, 0x81, 0x85, 
  0x88, 0x85, 0x83, 0x79, 0x7a, 0x7a, 0x84, 0x85, 0x8b, 0x88, 0x87, 0x83, 0x80, 0x7c, 0x75, 0x70, 
  0x6a, 0x69, 0x6b, 0x71, 0x78, 0x81, 0x8c, 0x98, 0x9e, 0x9b, 0x94, 0x87, 0x7f, 0x7d, 0x80, 0x80, 
  0x80, 0x7c, 0x7b, 0x7c, 0x83, 0x85, 0x80, 0x77, 0x69, 0x67, 0x6c, 0x77, 0x81, 0x85, 0x86, 0x81, 
  0x8a, 0x90, 0x96, 0x9b, 0x94, 0x8c, 0x80, 0x7d, 0x74, 0x72, 0x71, 0x6d, 0x6e, 0x71, 0x75, 0x7b, 
  0x82, 0x88, 0x89, 0x8b, 0x87, 0x84, 0x83, 0x84, 0x86, 0x84, 0x82, 0x7b, 0x7b, 0x7d, 0x82, 0x82, 
  0x7e, 0x75, 0x6e, 0x6f, 0x76, 0x7e, 0x88, 0x8b, 0x8d, 0x8b, 0x87, 0x86, 0x81, 0x80, 0x7f, 0x80, 
  0x85, 0x89, 0x8f, 0x89, 0x84, 0x78, 0x6f, 0x6a, 0x6a, 0x72, 0x77, 0x83, 0x8a, 0x8e, 0x92, 0x92, 
  0x90, 0x86, 0x7d, 0x75, 0x73, 0x7a, 0x81, 0x87, 0x87, 0x83, 0x7a, 0x76, 0x71, 0x6f, 0x6f, 0x71, 
  0x76, 0x79, 0x80, 0x81, 0x86, 0x8d, 0x97, 0x9b, 0x9a, 0x90, 0x81, 0x78, 0x6e, 0x6c, 0x6d, 0x72, 
  0x76, 0x7b, 0x80, 0x84, 0x87, 0x88, 0x86, 0x81, 0x80, 0x7e, 0x81, 0x84, 0x8c, 0x90, 0x8e, 0x89, 
  0x80, 0x79, 0x72, 0x70, 0x6f, 0x74, 0x7a, 0x82, 0x85, 0x83, 0x81, 0x7f, 0x7f, 0x80, 0x85, 0x86, 
  0x81, 0x7d, 0x79, 0x77, 0x7a, 0x7c, 0x7e, 0x79, 0x76, 0x73, 0x74, 0x7a, 0x80, 0x87, 0x86, 0x83, 
  0x81, 0x7c, 0x7d, 0x7d, 0x7e, 0x80, 0x81, 0x80, 0x7d, 0x79, 0x78, 0x7c, 0x7f, 0x83, 0x84, 0x84, 
  0x84, 0x85, 0x88, 0x88, 0x8a, 0x88, 0x89, 0x89, 0x8a, 0x89, 0x89, 0x86, 0x81, 0x7f, 0x7c, 0x7f, 
  0x7f, 0x82, 0x86, 0x8b, 0x8f, 0x8e, 0x8e, 0x89, 0x89, 0x88, 0x8a, 0x89, 0x87, 0x86, 0x82, 0x7f, 
  0x78, 0x74, 0x71, 0x72, 0x77, 0x79, 0x79, 0x7b, 0x82, 0x8f, 0x9b, 0xa3, 0x9f, 0x90, 0x80, 0x72, 
  0x6b, 0x6c, 0x6e, 0x6f, 0x6f, 0x72, 0x7c, 0x8a, 0x93, 0x92, 0x86, 0x7b, 0x78, 0x7b, 0x88, 0x8b, 
  0x8f, 0x8f, 0x8b, 0x8a, 0x80, 0x78, 0x68, 0x60, 0x61, 0x6b, 0x7a, 0x82, 0x89, 0x8b, 0x8d, 0x8c, 
  0x85, 0x7e, 0x7b, 0x80, 0x84, 0x86, 0x84, 0x7e, 0x74, 0x6f, 0x6e, 0x6d, 0x6f, 0x74, 0x7a, 0x81, 
  0x89, 0x8c, 0x8d, 0x84, 0x7d, 0x78, 0x78, 0x7d, 0x82, 0x84, 0x83, 0x80, 0x7c, 0x79, 0x75, 0x76, 
  0x78, 0x7b, 0x7d, 0x81, 0x84, 0x86, 0x88, 0x87, 0x85, 0x84, 0x83, 0x83, 0x83, 0x84, 0x82, 0x80, 
  0x7c, 0x77, 0x76, 0x76, 0x79, 0x7d, 0x80, 0x80, 0x82, 0x84, 0x87, 0x88, 0x88, 0x86, 0x84, 0x82, 
  0x7d, 0x7b, 0x79, 0x7c, 0x7f, 0x80, 0x81, 0x7f, 0x7c, 0x7c, 0x81, 0x84, 0x88, 0x88, 0x86, 0x83, 
  0x82, 0x84, 0x83, 0x7f, 0x7a, 0x7a, 0x7b, 0x80, 0x86, 0x88, 0x88, 0x85, 0x7e, 0x75, 0x72, 0x75, 
  0x7e, 0x88, 0x91, 0x96, 0x95, 0x8f, 0x85, 0x7a, 0x71, 0x6f, 0x73, 0x7a, 0x86, 0x8f, 0x92, 0x8f, 
  0x85, 0x7b, 0x77, 0x75, 0x75, 0x7c, 0x87, 0x90, 0x96, 0x90, 0x85, 0x7b, 0x75, 0x74, 0x7b, 0x82, 
  0x85, 0x87, 0x85, 0x7f, 0x79, 0x74, 0x74, 0x79, 0x80, 0x87, 0x8b, 0x8b, 0x8a, 0x85, 0x7c, 0x74, 
  0x70, 0x72, 0x79, 0x7d, 0x7f, 0x80, 0x81, 0x83, 0x82, 0x7c, 0x76, 0x76, 0x76, 0x7a, 0x81, 0x84, 
  0x88, 0x87, 0x82, 0x7e, 0x7c, 0x7d, 0x7c, 0x7e, 0x7d, 0x7d, 0x7f, 0x83, 0x82, 0x7f, 0x7d, 0x7a, 
  0x7a, 0x7b, 0x7e, 0x7f, 0x80, 0x82, 0x83, 0x81, 0x83, 0x85, 0x83, 0x81, 0x81, 0x7b, 0x79, 0x7e, 
  0x82, 0x82, 0x81, 0x7e, 0x7d, 0x7b, 0x7d, 0x80, 0x7f, 0x81, 0x81, 0x80, 0x7f, 0x84, 0x83, 0x80, 
  0x80, 0x80, 0x82, 0x82, 0x85, 0x83, 0x7d, 0x78, 0x78, 0x79, 0x7e, 0x87, 0x89, 0x88, 0x84, 0x81, 
  0x82, 0x7d, 0x7c, 0x7d, 0x7c, 0x7a, 0x7d, 0x83, 0x85, 0x87, 0x83, 0x7b, 0x78, 0x77, 0x7b, 0x85, 
  0x8a, 0x8a, 0x87, 0x82, 0x80, 0x7b, 0x81, 0x81, 0x82, 0x85, 0x81, 0x7b, 0x7b, 0x80, 0x82, 0x80, 
  0x7f, 0x81, 0x84, 0x89, 0x86, 0x82, 0x80, 0x7e, 0x82, 0x85, 0x8a, 0x89, 0x84, 0x80, 0x7c, 0x7b, 
  0x7b, 0x7a, 0x7c, 0x7e, 0x7f, 0x83, 0x8a, 0x82, 0x86, 0x87, 0x7c, 0x86, 0x84, 0x83, 0x8a, 0x8a, 
  0x84, 0x85, 0x7e, 0x81, 0x80, 0x70, 0x75, 0x7e, 0x70, 0x79, 0x88, 0x84, 0x83, 0x88, 0x8a, 0x81, 
  0x7b, 0x86, 0x7b, 0x78, 0x7f, 0x81, 0x80, 0x7b, 0x82, 0x80, 0x82, 0x7e, 0x7c, 0x76, 0x74, 0x82, 
  0x82, 0x85, 0x83, 0x89, 0x83, 0x78, 0x79, 0x7f, 0x81, 0x7b, 0x7e, 0x84, 0x79, 0x71, 0x79, 0x7f, 
  0x7b, 0x81, 0x82, 0x80, 0x84, 0x76, 0x80, 0x8b, 0x7b, 0x77, 0x8b, 0x7b, 0x7c, 0x81, 0x82, 0x7d, 
  0x7f, 0x7b, 0x7e, 0x87, 0x76, 0x84, 0x84, 0x80, 0x87, 0x82, 0x77, 0x90, 0x7b, 0x7b, 0x9a, 0x7c, 
  0x87, 0x84, 0x85, 0x75, 0x8c, 0x7f, 0x70, 0x9e, 0x78, 0x74, 0x94, 0x6a, 0x8e, 0x79, 0x80, 0x80, 
  0x77, 0x8f, 0x6f, 0x81, 0x9c, 0x77, 0x6f, 0x9d, 0x81, 0x66, 0x91, 0x85, 0x82, 0x7c, 0x7e, 0x7d, 
  0x86, 0x76, 0x84, 0x87, 0x75, 0x87, 0x87, 0x80, 0x7e, 0x87, 0x83, 0x75, 0x87, 0x81, 0x7c, 0x81, 
  0x82, 0x82, 0x81, 0x7a, 0x8a, 0x75, 0x7b, 0x8e, 0x6f, 0x87, 0x83, 0x7f, 0x84, 0x79, 0x7e, 0x8e, 
  0x7a, 0x7a, 0x80, 0x8f, 0x6f, 0x79, 0x91, 0x7c, 0x79, 0x83, 0x8d, 0x74, 0x80, 0x80, 0x81, 0x7b, 
  0x86, 0x82, 0x77, 0x86, 0x7c, 0x82, 0x7f, 0x83, 0x7a, 0x87, 0x7b, 0x7a, 0x8b, 0x7d, 0x80, 0x7a, 
  0x88, 0x79, 0x80, 0x84, 0x7b, 0x89, 0x73, 0x87, 0x81, 0x6e, 0x8c, 0x7c, 0x75, 0x85, 0x80, 0x83, 
  0x6d, 0x8d, 0x80, 0x77, 0x7a, 0x8a, 0x7b, 0x7b, 0x8d, 0x71, 0x89, 0x75, 0x7e, 0x7e, 0x7b, 0x90, 
  0x73, 0x87, 0x7c, 0x7b, 0x86, 0x82, 0x74, 0x94, 0x7a, 0x75, 0x94, 0x75, 0x80, 0x87, 0x82, 0x7a, 
  0x89, 0x7c, 0x7a, 0x88, 0x7e, 0x82, 0x85, 0x77, 0x8d, 0x79, 0x7c, 0x8e, 0x77, 0x80, 0x86, 0x7d, 
  0x7e, 0x88, 0x7b, 0x84, 0x7c, 0x85, 0x83, 0x7c, 0x7f, 0x80, 0x82, 0x7f, 0x79, 0x88, 0x7f, 0x80, 
  0x7f, 0x82, 0x81, 0x7a, 0x89, 0x77, 0x7d, 0x8c, 0x7b, 0x83, 0x81, 0x80, 0x7f, 0x80, 0x83, 0x85, 
  0x6f, 0x91, 0x75, 0x85, 0x7c, 0x85, 0x7f, 0x7b, 0x8a, 0x80, 0x70, 0x8b, 0x86, 0x74, 0x89, 0x81, 
  0x7f, 0x7d, 0x83, 0x7d, 0x82, 0x7d, 0x80, 0x84, 0x7d, 0x85, 0x74, 0x8e, 0x7b, 0x74, 0x92, 0x71, 
  0x88, 0x77, 0x86, 0x82, 0x7b, 0x80, 0x81, 0x7f, 0x81, 0x80, 0x7b, 0x87, 0x7d, 0x7d, 0x82, 0x85, 
  0x75, 0x89, 0x81, 0x73, 0x90, 0x72, 0x88, 0x85, 0x74, 0x89, 0x7d, 0x81, 0x80, 0x7d, 0x80, 0x87, 
  0x74, 0x8b, 0x78, 0x82, 0x7c, 0x83, 0x8a, 0x70, 0x90, 0x73, 0x87, 0x83, 0x72, 0x8f, 0x83, 0x70, 
  0x88, 0x83, 0x84, 0x73, 0x8c, 0x82, 0x7b, 0x7f, 0x91, 0x6e, 0x7d, 0xa2, 0x61, 0x8b, 0x87, 0x78, 
  0x74, 0x93, 0x80, 0x78, 0x84, 0x88, 0x7b, 0x73, 0x8d, 0x83, 0x74, 0x89, 0x81, 0x7f, 0x81, 0x7d, 
  0x85, 0x75, 0x8b, 0x7f, 0x76, 0x8f, 0x74, 0x83, 0x7e, 0x8a, 0x7c, 0x73, 0x92, 0x79, 0x7c, 0x86, 
  0x75, 0x8b, 0x7e, 0x70, 0x97, 0x70, 0x84, 0x87, 0x75, 0x81, 0x81, 0x84, 0x81, 0x76, 0x84, 0x86, 
  0x79, 0x7d, 0x87, 0x82, 0x72, 0x8a, 0x81, 0x82, 0x73, 0x82, 0x8f, 0x6e, 0x85, 0x82, 0x84, 0x78, 
  0x84, 0x88, 0x79, 0x7c, 0x8a, 0x7a, 0x7a, 0x89, 0x81, 0x6d, 0x98, 0x71, 0x7f, 0x8a, 0x71, 0x92, 
  0x76, 0x7b, 0x85, 0x85, 0x77, 0x7e, 0x84, 0x82, 0x79, 0x81, 0x87, 0x78, 0x85, 0x7e, 0x82, 0x79, 
  0x8a, 0x7b, 0x7e, 0x89, 0x73, 0x8b, 0x80, 0x7b, 0x7b, 0x8d, 0x73, 0x7f, 0x88, 0x81, 0x76, 0x8a, 
  0x78, 0x82, 0x84, 0x77, 0x8c, 0x75, 0x88, 0x81, 0x73, 0x8d, 0x81, 0x72, 0x8a, 0x85, 0x76, 0x82, 
  0x86, 0x7d, 0x78, 0x8e, 0x74, 0x89, 0x74, 0x8a, 0x85, 0x6c, 0x92, 0x78, 0x80, 0x82, 0x7a, 0x89, 
  0x7e, 0x79, 0x8d, 0x74, 0x83, 0x85, 0x7c, 0x80, 0x83, 0x79, 0x88, 0x7c, 0x7d, 0x87, 0x7f, 0x83, 
  0x72, 0x8a, 0x84, 0x7a, 0x78, 0x91, 0x75, 0x80, 0x88, 0x79, 0x86, 0x7c, 0x7f, 0x85, 0x7d, 0x7f, 
  0x82, 0x80, 0x84, 0x7c, 0x7a, 0x8b, 0x7b, 0x7b, 0x85, 0x83, 0x77, 0x84, 0x83, 0x7e, 0x86, 0x76, 
  0x84, 0x83, 0x80, 0x77, 0x8b, 0x7a, 0x80, 0x81, 0x80, 0x7e, 0x7d, 0x81, 0x87, 0x6e, 0x92, 0x7e, 
  0x76, 0x88, 0x7d, 0x81, 0x76, 0x8a, 0x80, 0x7f, 0x7b, 0x82, 0x84, 0x7b, 0x7d, 0x88, 0x7a, 0x7b, 
  0x8a, 0x7c, 0x7b, 0x82, 0x7f, 0x81, 0x80, 0x7d, 0x81, 0x81, 0x80, 0x7c, 0x7f, 0x8a, 0x7d, 0x73, 
  0x8f, 0x7b, 0x81, 0x7e, 0x80, 0x86, 0x78, 0x80, 0x82, 0x85, 0x77, 0x8c, 0x72, 0x8b, 0x82, 0x76, 
  0x88, 0x82, 0x7c, 0x7f, 0x84, 0x7d, 0x7f, 0x86, 0x7a, 0x82, 0x82, 0x7d, 0x82, 0x7b, 0x8c, 0x6f, 
  0x8b, 0x82, 0x7a, 0x84, 0x7d, 0x86, 0x7a, 0x81, 0x87, 0x7b, 0x7f, 0x88, 0x7c, 0x7d, 0x81, 0x81, 
  0x8c, 0x6d, 0x8b, 0x83, 0x7a, 0x81, 0x88, 0x7f, 0x75, 0x90, 0x7c, 0x78, 0x86, 0x7f, 0x88, 0x71, 
  0x8a, 0x84, 0x7a, 0x83, 0x80, 0x7f, 0x88, 0x70, 0x93, 0x75, 0x83, 0x82, 0x7d, 0x80, 0x86, 0x82, 
  0x72, 0x8e, 0x80, 0x73, 0x89, 0x84, 0x76, 0x7f, 0x88, 0x76, 0x8a, 0x7c, 0x80, 0x7d, 0x86, 0x81, 
  0x7b, 0x7f, 0x87, 0x7a, 0x82, 0x84, 0x78, 0x85, 0x80, 0x80, 0x7e, 0x7a, 0x8c, 0x79, 0x7a, 0x8b, 
  0x7c, 0x7c, 0x84, 0x7d, 0x80, 0x84, 0x77, 0x8c, 0x7a, 0x78, 0x92, 0x70, 0x83, 0x83, 0x7e, 0x82, 
  0x75, 0x91, 0x76, 0x7f, 0x86, 0x75, 0x8a, 0x78, 0x80, 0x8b, 0x74, 0x80, 0x87, 0x79, 0x84, 0x7d, 
  0x88, 0x6b, 0x93, 0x7e, 0x76, 0x83, 0x84, 0x81, 0x7b, 0x7e, 0x8b, 0x7b, 0x7c, 0x85, 0x7f, 0x7f, 
  0x85, 0x76, 0x86, 0x83, 0x76, 0x8c, 0x7b, 0x74, 0x90, 0x82, 0x6e, 0x8a, 0x82, 0x7e, 0x7d, 0x85, 
  0x7b, 0x88, 0x75, 0x81, 0x8b, 0x79, 0x7f, 0x7f, 0x89, 0x7b, 0x7e, 0x7a, 0x92, 0x6e, 0x8c, 0x7b, 
  0x7d, 0x88, 0x7b, 0x81, 0x81, 0x79, 0x8a, 0x7e, 0x73, 0x8e, 0x7f, 0x7f, 0x76, 0x85, 0x94, 0x65, 
  0x8a, 0x84, 0x86, 0x71, 0x86, 0x80, 0x7d, 0x88, 0x78, 0x89, 0x78, 0x84, 0x7c, 0x85, 0x85, 0x73, 
  0x8b, 0x7c, 0x81, 0x83, 0x7e, 0x7c, 0x86, 0x81, 0x75, 0x8d, 0x7a, 0x78, 0x8d, 0x7c, 0x7c, 0x85, 
  0x7a, 0x84, 0x82, 0x7a, 0x85, 0x7b, 0x87, 0x7b, 0x7c, 0x84, 0x84, 0x79, 0x7d, 0x88, 0x86, 0x6f, 
  0x85, 0x8b, 0x74, 0x84, 0x7f, 0x86, 0x79, 0x7e, 0x89, 0x73, 0x88, 0x80, 0x7e, 0x7d, 0x86, 0x7b, 
  0x86, 0x7a, 0x7b, 0x8d, 0x75, 0x83, 0x7c, 0x86, 0x82, 0x79, 0x85, 0x7a, 0x86, 0x7f, 0x7b, 0x81, 
  0x84, 0x86, 0x6e, 0x96, 0x76, 0x78, 0x8f, 0x77, 0x81, 0x85, 0x7c, 0x7c, 0x88, 0x84, 0x6f, 0x8d, 
  0x87, 0x71, 0x85, 0x85, 0x7a, 0x86, 0x7c, 0x85, 0x79, 0x82, 0x87, 0x74, 0x92, 0x6f, 0x88, 0x86, 
  0x73, 0x85, 0x8a, 0x6b, 0x98, 0x6c, 0x86, 0x8f, 0x65, 0x91, 0x7f, 0x76, 0x89, 0x7f, 0x7e, 0x86, 
  0x7a, 0x7f, 0x85, 0x7b, 0x85, 0x74, 0x87, 0x90, 0x6a, 0x85, 0x87, 0x7e, 0x7c, 0x81, 0x88, 0x74, 
  0x88, 0x7d, 0x82, 0x82, 0x79, 0x85, 0x80, 0x81, 0x81, 0x74, 0x91, 0x75, 0x88, 0x74, 0x88, 0x89, 
  0x6f, 0x8c, 0x7a, 0x80, 0x80, 0x89, 0x74, 0x86, 0x7c, 0x8b, 0x76, 0x7f, 0x8a, 0x7a, 0x7f, 0x82, 
  0x79, 0x8f, 0x7a, 0x75, 0x8b, 0x81, 0x78, 0x7b, 0x90, 0x79, 0x80, 0x7b, 0x89, 0x78, 0x85, 0x81, 
  0x7c, 0x87, 0x73, 0x8d, 0x7f, 0x7b, 0x80, 0x86, 0x79, 0x81, 0x85, 0x78, 0x8a, 0x76, 0x87, 0x7a, 
  0x87, 0x7d, 0x7e, 0x84, 0x79, 0x91, 0x6b, 0x87, 0x8b, 0x70, 0x8a, 0x7b, 0x7d, 0x8b, 0x7b, 0x7b, 
  0x82, 0x82, 0x84, 0x75, 0x84, 0x8a, 0x76, 0x80, 0x82, 0x82, 0x7e, 0x7f, 0x83, 0x7e, 0x83, 0x78, 
  0x85, 0x83, 0x7f, 0x7e, 0x7c, 0x88, 0x7b, 0x81, 0x84, 0x79, 0x87, 0x7e, 0x79, 0x85, 0x81, 0x80, 
  0x79, 0x8c, 0x80, 0x6d, 0x9f, 0x63, 0x91, 0x84, 0x71, 0x83, 0x8d, 0x78, 0x7e, 0x81, 0x81, 0x84, 
  0x7a, 0x7c, 0x86, 0x7e, 0x85, 0x78, 0x82, 0x89, 0x77, 0x83, 0x82, 0x78, 0x89, 0x77, 0x8a, 0x7a, 
  0x82, 0x81, 0x84, 0x75, 0x8e, 0x71, 0x8c, 0x7d, 0x7f, 0x80, 0x81, 0x84, 0x79, 0x7f, 0x84, 0x83, 
  0x7c, 0x7b, 0x88, 0x84, 0x6b, 0x97, 0x75, 0x7b, 0x87, 0x82, 0x79, 0x85, 0x76, 0x8f, 0x71, 0x93, 
  0x66, 0x9a, 0x7b, 0x6e, 0x97, 0x75, 0x7b, 0x8a, 0x7c, 0x7a, 0x8c, 0x7c, 0x71, 0x95, 0x75, 0x84, 
  0x7d, 0x83, 0x7e, 0x80, 0x7f, 0x87, 0x79, 0x7e, 0x8b, 0x73, 0x85, 0x85, 0x75, 0x84, 0x8a, 0x75, 
  0x84, 0x7a, 0x8f, 0x77, 0x7e, 0x83, 0x80, 0x84, 0x78, 0x82, 0x83, 0x86, 0x70, 0x8c, 0x78, 0x8c, 
  0x71, 0x89, 0x84, 0x7c, 0x86, 0x6d, 0x8e, 0x86, 0x71, 0x8a, 0x79, 0x8c, 0x73, 0x8c, 0x78, 0x79, 
  0x90, 0x73, 0x82, 0x88, 0x78, 0x80, 0x8a, 0x73, 0x81, 0x85, 0x7e, 0x7d, 0x89, 0x77, 0x7e, 0x88, 
  0x7b, 0x85, 0x80, 0x7c, 0x83, 0x79, 0x89, 0x7d, 0x7b, 0x7e, 0x8b, 0x78, 0x81, 0x80, 0x7b, 0x8c, 
  0x7c, 0x77, 0x88, 0x7f, 0x7e, 0x86, 0x72, 0x89, 0x83, 0x7c, 0x80, 0x79, 0x88, 0x86, 0x74, 0x7a, 
  0x91, 0x79, 0x7b, 0x88, 0x79, 0x83, 0x77, 0x90, 0x71, 0x86, 0x7e, 0x7e, 0x88, 0x75, 0x80, 0x85, 
  0x7c, 0x8b, 0x6b, 0x95, 0x7e, 0x6c, 0x9a, 0x6b, 0x89, 0x87, 0x75, 0x81, 0x82, 0x87, 0x77, 0x8a, 
  0x6e, 0x92, 0x78, 0x82, 0x7d, 0x85, 0x81, 0x81, 0x7a, 0x81, 0x85, 0x86, 0x72, 0x85, 0x84, 0x82, 
  0x78, 0x84, 0x7e, 0x81, 0x80, 0x7b, 0x8c, 0x7b, 0x7d, 0x7e, 0x82, 0x8b, 0x78, 0x72, 0x94, 0x7a, 
  0x7a, 0x87, 0x7d, 0x80, 0x85, 0x7a, 0x82, 0x83, 0x7a, 0x8a, 0x76, 0x80, 0x86, 0x77, 0x91, 0x73, 
  0x7d, 0x8b, 0x76, 0x8a, 0x7b, 0x77, 0x86, 0x86, 0x7d, 0x71, 0x91, 0x7d, 0x7d, 0x87, 0x6c, 0x90, 
  0x81, 0x78, 0x86, 0x7c, 0x90, 0x6b, 0x83, 0x86, 0x86, 0x74, 0x7e, 0x89, 0x82, 0x7e, 0x7f, 0x7b, 
  0x88, 0x80, 0x7f, 0x6e, 0xa2, 0x6c, 0x7d, 0x87, 0x81, 0x79, 0x81, 0x87, 0x77, 0x8d, 0x69, 0x96, 
  0x7a, 0x7b, 0x87, 0x72, 0x90, 0x77, 0x7e, 0x87, 0x7c, 0x76, 0x93, 0x77, 0x7e, 0x87, 0x77, 0x89, 
  0x83, 0x73, 0x88, 0x83, 0x7d, 0x82, 0x7b, 0x89, 0x75, 0x82, 0x87, 0x75, 0x81, 0x8c, 0x78, 0x8b, 
  0x6f, 0x82, 0x8e, 0x77, 0x7e, 0x81, 0x8a, 0x79, 0x7a, 0x8f, 0x6b, 0x9d, 0x69, 0x7c, 0x93, 0x76, 
  0x8f, 0x62, 0x8e, 0x91, 0x72, 0x74, 0x8a, 0x87, 0x79, 0x8c, 0x67, 0x90, 0x84, 0x71, 0x8c, 0x7d, 
  0x86, 0x76, 0x8a, 0x76, 0x83, 0x88, 0x73, 0x8d, 0x7a, 0x7b, 0x89, 0x81, 0x75, 0x8a, 0x7e, 0x7e, 
  0x7d, 0x8a, 0x73, 0x94, 0x6e, 0x81, 0x8d, 0x73, 0x8a, 0x71, 0x8f, 0x81, 0x76, 0x84, 0x86, 0x7d, 
  0x7a, 0x7e, 0x8d, 0x7a, 0x7d, 0x75, 0x9c, 0x6b, 0x80, 0x95, 0x62, 0x9b, 0x7a, 0x76, 0x87, 0x7f, 
  0x7f, 0x82, 0x84, 0x75, 0x92, 0x66, 0x98, 0x73, 0x81, 0x85, 0x72, 0x90, 0x79, 0x86, 0x77, 0x85, 
  0x7b, 0x83, 0x81, 0x79, 0x83, 0x8c, 0x78, 0x7b, 0x78, 0x90, 0x82, 0x7b, 0x6c, 0x98, 0x86, 0x6b, 
  0x84, 0x8b, 0x76, 0x8b, 0x72, 0x87, 0x82, 0x78, 0x92, 0x75, 0x7a, 0x81, 0x8c, 0x6f, 0x8d, 0x78, 
  0x81, 0x83, 0x87, 0x6b, 0x94, 0x7e, 0x74, 0x86, 0x7c, 0x90, 0x6f, 0x80, 0x92, 0x69, 0x8d, 0x80, 
  0x76, 0x86, 0x7b, 0x8e, 0x75, 0x87, 0x70, 0x92, 0x79, 0x79, 0x83, 0x83, 0x8e, 0x68, 0x91, 0x72, 
  0x90, 0x81, 0x71, 0x88, 0x84, 0x7e, 0x7c, 0x80, 0x84, 0x7b, 0x83, 0x77, 0x8c, 0x85, 0x6c, 0x93, 
  0x76, 0x7f, 0x92, 0x6f, 0x7d, 0x93, 0x6f, 0x81, 0x84, 0x77, 0x8c, 0x74, 0x87, 0x7d, 0x85, 0x78, 
  0x83, 0x82, 0x80, 0x86, 0x72, 0x8f, 0x79, 0x80, 0x87, 0x75, 0x85, 0x7f, 0x7f, 0x82, 0x7e, 0x83, 
  0x77, 0x83, 0x8b, 0x70, 0x8e, 0x79, 0x83, 0x87, 0x72, 0x85, 0x7f, 0x86, 0x7a, 0x86, 0x7f, 0x7f, 
  0x84, 0x73, 0x8d, 0x7a, 0x84, 0x7a, 0x7b, 0x8f, 0x6e, 0x8a, 0x79, 0x86, 0x84, 0x75, 0x7d, 0x8c, 
  0x7e, 0x84, 0x71, 0x82, 0x92, 0x6d, 0x88, 0x84, 0x7f, 0x78, 0x87, 0x7c, 0x82, 0x80, 0x78, 0x8d, 
  0x7c, 0x79, 0x8b, 0x75, 0x8e, 0x74, 0x87, 0x7c, 0x86, 0x7c, 0x73, 0x96, 0x7a, 0x81, 0x72, 0x8a, 
  0x8b, 0x69, 0x9c, 0x5c, 0x99, 0x89, 0x69, 0x89, 0x86, 0x74, 0x7f, 0x86, 0x77, 0x83, 0x84, 0x7c, 
  0x8b, 0x6f, 0x85, 0x8c, 0x78, 0x8a, 0x6d, 0x8e, 0x88, 0x77, 0x81, 0x72, 0x9a, 0x7f, 0x6d, 0x75, 
  0x9f, 0x7f, 0x74, 0x78, 0x95, 0x78, 0x6f, 0x8e, 0x7c, 0x88, 0x7b, 0x72, 0x90, 0x77, 0x8a, 0x70, 
  0x8b, 0x86, 0x73, 0x84, 0x89, 0x79, 0x79, 0x85, 0x80, 0x84, 0x77, 0x7b, 0x8e, 0x7d, 0x72, 0x90, 
  0x7b, 0x88, 0x7a, 0x76, 0x88, 0x86, 0x82, 0x80, 0x78, 0x7b, 0x8f, 0x8b, 0x6c, 0x84, 0x81, 0x83, 
  0x80, 0x7e, 0x79, 0x90, 0x74, 0x82, 0x7e, 0x83, 0x7e, 0x89, 0x73, 0x82, 0x96, 0x5e, 0x97, 0x7c, 
  0x7c, 0x89, 0x68, 0x90, 0x8a, 0x77, 0x80, 0x7c, 0x84, 0x97, 0x5d, 0x8f, 0x8a, 0x71, 0x91, 0x70, 
  0x7e, 0x8f, 0x84, 0x7f, 0x6c, 0x83, 0x89, 0x7f, 0x7b, 0x85, 0x85, 0x6d, 0x98, 0x70, 0x83, 0x8d, 
  0x71, 0x83, 0x81, 0x76, 0x92, 0x7a, 0x73, 0x94, 0x7e, 0x7b, 0x79, 0x8d, 0x79, 0x8a, 0x7b, 0x7b, 
  0x7e, 0x8b, 0x78, 0x79, 0x86, 0x7f, 0x83, 0x75, 0x80, 0x86, 0x7f, 0x7d, 0x7c, 0x86, 0x8d, 0x6d, 
  0x7d, 0x8b, 0x7d, 0x81, 0x7c, 0x7f, 0x82, 0x84, 0x86, 0x7d, 0x7e, 0x76, 0x8d, 0x89, 0x67, 0x87, 
  0x82, 0x8c, 0x79, 0x6b, 0x85, 0x97, 0x80, 0x78, 0x76, 0x78, 0x9a, 0x6e, 0x8a, 0x73, 0x7c, 0x88, 
  0x75, 0x88, 0x75, 0x85, 0x87, 0x7d, 0x7b, 0x76, 0xa1, 0x6d, 0x7d, 0x85, 0x8e, 0x68, 0x79, 0xa2, 
  0x69, 0x9e, 0x5b, 0x88, 0x9a, 0x6f, 0x86, 0x79, 0x8b, 0x75, 0x8c, 0x74, 0x86, 0x78, 0x93, 0x7b, 
  0x63, 0x8b, 0x84, 0x87, 0x7e, 0x7b, 0x72, 0x96, 0x84, 0x70, 0x89, 0x74, 0x98, 0x86, 0x63, 0x81, 
  0x8f, 0x83, 0x7e, 0x73, 0x83, 0x87, 0x8b, 0x6d, 0x82, 0x85, 0x85, 0x8a, 0x65, 0x83, 0x85, 0x88, 
  0x87, 0x75, 0x80, 0x8e, 0x8a, 0x77, 0x76, 0x86, 0x94, 0x7f, 0x73, 0x77, 0x88, 0x8f, 0x6d, 0x7f, 
  0x8d, 0x74, 0x86, 0x82, 0x69, 0x89, 0x8b, 0x89, 0x7d, 0x7b, 0x70, 0x89, 0x95, 0x72, 0x7b, 0x6c, 
  0x90, 0x91, 0x5e, 0x82, 0x89, 0x84, 0x8a, 0x64, 0x88, 0x87, 0x90, 0x7a, 0x7d, 0x6d, 0x89, 0x94, 
  0x6f, 0x81, 0x79, 0x85, 0x80, 0x75, 0x75, 0x8e, 0x86, 0x7d, 0x7b, 0x74, 0x81, 0x82, 0x89, 0x7b, 
  0x7f, 0x7a, 0x7f, 0x87, 0x78, 0x84, 0x82, 0x7d, 0x87, 0x73, 0x84, 0x80, 0x79, 0x8c, 0x75, 0x7f, 
  0x79, 0x7b, 0x89, 0x86, 0x7f, 0x7c, 0x80, 0x7a, 0x85, 0x82, 0x7e, 0x87, 0x89, 0x7c, 0x80, 0x79, 
  0x87, 0x8f, 0x81, 0x7a, 0x7e, 0x78, 0x8b, 0x80, 0x7e, 0x85, 0x7c, 0x84, 0x7a, 0x84, 0x83, 0x79, 
  0x8c, 0x81, 0x7e, 0x73, 0x7b, 0x87, 0x8e, 0x85, 0x6b, 0x85, 0x84, 0x7c, 0x8a, 0x86, 0x84, 0x81, 
  0x7d, 0x7d, 0x7e, 0x84, 0x91, 0x7d, 0x7f, 0x80, 0x7a, 0x7d, 0x87, 0x86, 0x76, 0x7f, 0x7a, 0x7b, 
  0x88, 0x81, 0x81, 0x80, 0x79, 0x7a, 0x7e, 0x8d, 0x86, 0x7d, 0x83, 0x7f, 0x7a, 0x85, 0x80, 0x81, 
  0x84, 0x7f, 0x80, 0x82, 0x7f, 0x82, 0x83, 0x83, 0x7f, 0x81, 0x7e, 0x80, 0x7e, 0x7d, 0x86, 0x83, 
  0x7f, 0x77, 0x7a, 0x82, 0x83, 0x81, 0x80, 0x7f, 0x78, 0x7b, 0x7b, 0x82, 0x85, 0x7b, 0x7c, 0x7a, 
  0x81, 0x83, 0x7f, 0x82, 0x86, 0x83, 0x7b, 0x7d, 0x80, 0x8a, 0x86, 0x7f, 0x7c, 0x7c, 0x7d, 0x7c, 
  0x81, 0x85, 0x86, 0x83, 0x7a, 0x7b, 0x7c, 0x7f, 0x87, 0x84, 0x81, 0x7a, 0x7b, 0x7f, 0x7e, 0x86, 
  0x83, 0x7e, 0x7b, 0x7e, 0x81, 0x86, 0x82, 0x7f, 0x7b, 0x84, 0x82, 0x7c, 0x84, 0x86, 0x86, 0x7b, 
  0x77, 0x7c, 0x80, 0x88, 0x85, 0x82, 0x7c, 0x78, 0x7f, 0x82, 0x83, 0x87, 0x82, 0x7a, 0x7d, 0x7e, 
  0x80, 0x83, 0x82, 0x82, 0x7f, 0x79, 0x82, 0x80, 0x84, 0x83, 0x7d, 0x81, 0x7e, 0x7f, 0x7f, 0x85, 
  0x7e, 0x7e, 0x7e, 0x82, 0x84, 0x78, 0x7a, 0x7e, 0x81, 0x80, 0x80, 0x80, 0x80, 0x7d, 0x7e, 0x7d, 
  0x86, 0x82, 0x7f, 0x7f, 0x7c, 0x82, 0x82, 0x80, 0x85, 0x81, 0x7b, 0x7d, 0x7d, 0x7c, 0x87, 0x86, 
  0x7f, 0x80, 0x78, 0x7a, 0x82, 0x87, 0x82, 0x7e, 0x7c, 0x7c, 0x7d, 0x7d, 0x7e, 0x86, 0x82, 0x80, 
  0x82, 0x80, 0x80, 0x80, 0x82, 0x83, 0x84, 0x82, 0x82, 0x83, 0x82, 0x86, 0x83, 0x81, 0x80, 0x80, 
  0x7b, 0x7c, 0x85, 0x87, 0x86, 0x81, 0x7e, 0x7c, 0x7d, 0x7d, 0x80, 0x83, 0x84, 0x83, 0x82, 0x81, 
  0x7c, 0x79, 0x7d, 0x81, 0x85, 0x85, 0x83, 0x81, 0x7b, 0x7b, 0x82, 0x82, 0x82, 0x83, 0x7e, 0x7e, 
  0x7d, 0x82, 0x86, 0x86, 0x7f, 0x7c, 0x7b, 0x7e, 0x86, 0x87, 0x86, 0x80, 0x7d, 0x78, 0x7b, 0x80, 
  0x84, 0x88, 0x86, 0x82, 0x7b, 0x78, 0x7a, 0x82, 0x88, 0x88, 0x86, 0x7f, 0x79, 0x7a, 0x7e, 0x85, 
  0x86, 0x85, 0x83, 0x7b, 0x78, 0x7b, 0x80, 0x85, 0x84, 0x7f, 0x7c, 0x7d, 0x7d, 0x81, 0x82, 0x80, 
  0x7b, 0x7a, 0x7b, 0x7c, 0x7f, 0x81, 0x82, 0x82, 0x7a, 0x76, 0x76, 0x79, 0x7c, 0x80, 0x81, 0x83, 
  0x80, 0x7c, 0x7b, 0x79, 0x7a, 0x7c, 0x7e, 0x7e, 0x81, 0x82, 0x7f, 0x7b, 0x76, 0x76, 0x78, 0x7c, 
  0x81, 0x82, 0x81, 0x7d, 0x79, 0x77, 0x75, 0x77, 0x7a, 0x7e, 0x82, 0x83, 0x81, 0x7c, 0x78, 0x76, 
  0x76, 0x78, 0x7c, 0x82, 0x85, 0x84, 0x80, 0x7c, 0x79, 0x77, 0x7b, 0x7e, 0x80, 0x84, 0x83, 0x80, 
  0x7d, 0x7b, 0x7b, 0x7b, 0x7b, 0x7d, 0x7f, 0x7e, 0x81, 0x81, 0x80, 0x81, 0x7f, 0x80, 0x80, 0x82, 
  0x86, 0x89, 0x8a, 0x87, 0x86, 0x84, 0x85, 0x87, 0x8b, 0x8d, 0x8d, 0x8c, 0x8b, 0x8c, 0x8c, 0x8c, 
  0x8d, 0x8c, 0x8e, 0x8d, 0x8d, 0x8b, 0x8a, 0x89, 0x88, 0x87, 0x87, 0x87, 0x86, 0x86, 0x85, 0x84, 
  0x83, 0x81, 0x80, 0x80, 0x7f, 0x80, 0x80, 0x81, 0x80, 0x7f, 0x7e, 0x7d, 0x7e, 0x7f, 0x7f, 0x7f, 
  0x80, 0x81, 0x80, 0x80, 0x80, 0x80, 0x80, 0x81, 0x81, 0x82, 0x82, 0x82, 0x82, 0x81, 0x81, 0x81, 
  0x81, 0x80, 0x80, 0x7f, 0x7f, 0x80, 0x81, 0x80, 0x7f, 0x7e, 0x7d, 0x7c, 0x7d, 0x7e, 0x7e, 0x7e, 
  0x7d, 0x7e, 0x7d, 0x7c, 0x7c, 0x7b, 0x7b, 0x7b, 0x7b, 0x7b, 0x7b, 0x7b, 0x7b, 0x7b, 0x7b, 0x7b, 
  0x7a, 0x7b, 0x7a, 0x7b, 0x7b, 0x7a, 0x7a, 0x79, 0x78, 0x78, 0x79, 0x7a, 0x7a, 0x7a, 0x7a, 0x79, 
  0x7a, 0x7b, 0x7b, 0x7c, 0x7e, 0x7e, 0x7d, 0x7d, 0x7c, 0x7b, 0x7c, 0x7c, 0x7d, 0x7e, 0x7f, 0x7e, 
  0x7d, 0x7c, 0x7c, 0x7d, 0x7e, 0x7f, 0x7f, 0x7f, 0x7e, 0x7d, 0x7d, 0x7d, 0x7e, 0x7f, 0x80, 0x80, 
  0x81, 0x81, 0x82, 0x82, 0x83, 0x84, 0x84, 0x85, 0x86, 0x87, 0x87, 0x88, 0x88, 0x88, 0x88, 0x88, 
  0x89, 0x89, 0x8a, 0x8a, 0x8a, 0x8a, 0x8a, 0x89, 0x88, 0x88, 0x87, 0x86, 0x86, 0x85, 0x85, 0x84, 
  0x83, 0x82, 0x82, 0x81, 0x80, 0x7f, 0x7f, 0x7f, 0x7f, 0x7f, 0x7f, 0x7f, 0x7f, 0x7f, 0x7f, 0x80, 
  0x80, 0x80, 0x80, 0x80, 0x80, 0x80, 0x81, 0x82, 0x82, 0x81, 0x80, 0x7f, 0x7e, 0x7e, 0x7d, 0x7d, 
  0x7d, 0x7c, 0x7c, 0x7b, 0x7b, 0x7a, 0x79, 0x79, 0x78, 0x78, 0x78, 0x77, 0x77, 0x77, 0x77, 0x77, 
  0x77, 0x77, 0x77, 0x77, 0x77, 0x78, 0x79, 0x7a, 0x7b, 0x7c, 0x7c, 0x7d, 0x7d, 0x7d, 0x7d, 0x7d, 
  0x7e, 0x7e, 0x7f, 0x7f, 0x80, 0x7f, 0x7f, 0x7e, 0x7d, 0x7c, 0x7c, 0x7d, 0x7e, 0x80, 0x80, 0x81, 
  0x80, 0x80, 0x7f, 0x7f, 0x80, 0x81, 0x82, 0x83, 0x85, 0x87, 0x88, 0x8a, 0x8b, 0x8b, 0x8a, 0x88, 
  0x87, 0x87, 0x88, 0x8a, 0x8d, 0x8f, 0x91, 0x91, 0x90, 0x8f, 0x8d, 0x8b, 0x8a, 0x89, 0x88, 0x88, 
  0x89, 0x8a, 0x8a, 0x8a, 0x88, 0x86, 0x84, 0x81, 0x80, 0x7f, 0x7f, 0x81, 0x82, 0x83, 0x84, 0x84, 
  0x83, 0x82, 0x80, 0x7f, 0x7e, 0x7e, 0x7f, 0x7f, 0x81, 0x82, 0x82, 0x82, 0x82, 0x81, 0x80, 0x7f, 
  0x7e, 0x7e, 0x7f, 0x7f, 0x80, 0x80, 0x7f, 0x7f, 0x7e, 0x7d, 0x7d, 0x7c, 0x7c, 0x7c, 0x7c, 0x7b, 
  0x7b, 0x7b, 0x7c, 0x7d, 0x7d, 0x7d, 0x7d, 0x7c, 0x7c, 0x7b, 0x7c, 0x7c, 0x7d, 0x7d, 0x7d, 0x7d, 
  0x7c, 0x7b, 0x7b, 0x7c, 0x7c, 0x7d, 0x7d, 0x7d, 0x7c, 0x7c, 0x7c, 0x7b, 0x7b, 0x7a, 0x7a, 0x7a, 
  0x7a, 0x7a, 0x7a, 0x7a, 0x7a, 0x7a, 0x7b, 0x7b, 0x7b, 0x7b, 0x7b, 0x7b, 0x7b, 0x7c, 0x7c, 0x7c, 
  0x7c, 0x7b, 0x7c, 0x7c, 0x7d, 0x7d, 0x7d, 0x7c, 0x7b, 0x7b, 0x7b, 0x7c, 0x7e, 0x7f, 0x7f, 0x7f, 
  0x7f, 0x7e, 0x7e, 0x7f, 0x80, 0x82, 0x83, 0x84, 0x85, 0x86, 0x87, 0x88, 0x88, 0x89, 0x88, 0x88, 
  0x88, 0x88, 0x89, 0x89, 0x8a, 0x8a, 0x8a, 0x8a, 0x89, 0x88, 0x88, 0x88, 0x88, 0x87, 0x86, 0x85, 
  0x84, 0x83, 0x84, 0x84, 0x84, 0x84, 0x82, 0x81, 0x7f, 0x7e, 0x7f, 0x80, 0x81, 0x81, 0x81, 0x80, 
  0x7f, 0x7e, 0x7d, 0x7e, 0x7f, 0x7f, 0x7f, 0x7f, 0x7e, 0x7e, 0x7e, 0x7f, 0x80, 0x80, 0x80, 0x7f, 
  0x7e, 0x7d, 0x7d, 0x7e, 0x7e, 0x7f, 0x7f, 0x7f, 0x7f, 0x7f, 0x7f, 0x7e, 0x7f, 0x7f, 0x7f, 0x7f, 
  0x7e, 0x7e, 0x7e, 0x7e, 0x7f, 0x7f, 0x80, 0x80, 0x81, 0x81, 0x81, 0x80, 0x7f, 0x7d, 0x7b, 0x79, 
  0x79, 0x7a, 0x7c, 0x7e, 0x80, 0x81, 0x80, 0x7e, 0x7d, 0x7c, 0x7b, 0x7c, 0x7e, 0x7f, 0x80, 0x7f, 
  0x7f, 0x7f, 0x80, 0x80, 0x80, 0x7f, 0x7e, 0x7b, 0x7a, 0x7b, 0x7e, 0x82, 0x85, 0x87, 0x86, 0x84, 
  0x81, 0x7f, 0x80, 0x80, 0x80, 0x7f, 0x7f, 0x7f, 0x81, 0x84, 0x8a, 0x8e, 0x91, 0x91, 0x8e, 0x8c, 
  0x8a, 0x88, 0x87, 0x87, 0x87, 0x86, 0x85, 0x85, 0x86, 0x88, 0x89, 0x89, 0x88, 0x85, 0x81, 0x7f, 
  0x7d, 0x7d, 0x7d, 0x7e, 0x7e, 0x7e, 0x7d, 0x7c, 0x7b, 0x7b, 0x7c, 0x7c, 0x7c, 0x7c, 0x7c, 0x7c, 
  0x7c, 0x7c, 0x7c, 0x7c, 0x7c, 0x7b, 0x7b, 0x7c, 0x7d, 0x80, 0x82, 0x84, 0x83, 0x81, 0x7f, 0x7d, 
  0x7c, 0x7d, 0x7f, 0x80, 0x81, 0x80, 0x7d, 0x7b, 0x7a, 0x7c, 0x7f, 0x84, 0x87, 0x88, 0x87, 0x86, 
  0x85, 0x85, 0x86, 0x85, 0x82, 0x7e, 0x79, 0x76, 0x76, 0x78, 0x7d, 0x82, 0x84, 0x84, 0x83, 0x82, 
  0x81, 0x82, 0x82, 0x82, 0x81, 0x7e, 0x7c, 0x7b, 0x7b, 0x7d, 0x7f, 0x81, 0x81, 0x80, 0x7f, 0x7f, 
  0x7f, 0x80, 0x80, 0x7f, 0x7e, 0x7d, 0x7e, 0x80, 0x82, 0x84, 0x84, 0x84, 0x83, 0x82, 0x82, 0x82, 
  0x81, 0x7f, 0x7c, 0x79, 0x78, 0x7a, 0x7e, 0x84, 0x88, 0x8b, 0x8b, 0x89, 0x88, 0x87, 0x87, 0x86, 
  0x84, 0x81, 0x7d, 0x7b, 0x7b, 0x7d, 0x80, 0x84, 0x86, 0x86, 0x86, 0x84, 0x84, 0x83, 0x82, 0x80, 
  0x7d, 0x79, 0x76, 0x75, 0x76, 0x79, 0x7c, 0x7e, 0x7f, 0x7f, 0x7f, 0x7f, 0x7e, 0x7e, 0x7c, 0x7a, 
  0x78, 0x77, 0x77, 0x78, 0x79, 0x7b, 0x7c, 0x7d, 0x7c, 0x7d, 0x7e, 0x7f, 0x7f, 0x7e, 0x7d, 0x7a, 
  0x79, 0x78, 0x78, 0x7a, 0x7b, 0x7b, 0x7c, 0x7c, 0x7d, 0x80, 0x83, 0x86, 0x86, 0x85, 0x81, 0x7d, 
  0x7b, 0x7a, 0x7c, 0x7e, 0x7f, 0x7e, 0x7d, 0x7c, 0x7c, 0x7e, 0x80, 0x81, 0x80, 0x7e, 0x7b, 0x79, 
  0x78, 0x78, 0x79, 0x7a, 0x7b, 0x7c, 0x7c, 0x7e, 0x81, 0x84, 0x86, 0x87, 0x86, 0x82, 0x7e, 0x7b, 
  0x79, 0x78, 0x79, 0x7b, 0x7c, 0x7d, 0x7e, 0x80, 0x83, 0x86, 0x88, 0x88, 0x86, 0x82, 0x7e, 0x7b, 
  0x7a, 0x7a, 0x7a, 0x7c, 0x7d, 0x7f, 0x81, 0x84, 0x88, 0x8a, 0x8b, 0x89, 0x86, 0x83, 0x7f, 0x7e, 
  0x7d, 0x7d, 0x7d, 0x7d, 0x7e, 0x80, 0x83, 0x87, 0x8b, 0x8d, 0x8e, 0x8c, 0x89, 0x85, 0x82, 0x81, 
  0x80, 0x80, 0x7f, 0x7f, 0x80, 0x82, 0x85, 0x87, 0x89, 0x89, 0x89, 0x87, 0x86, 0x85, 0x84, 0x85, 
  0x85, 0x86, 0x85, 0x85, 0x85, 0x85, 0x86, 0x88, 0x89, 0x89, 0x88, 0x86, 0x85, 0x83, 0x81, 0x7f, 
  0x7e, 0x7c, 0x7b, 0x7b, 0x7e, 0x81, 0x84, 0x88, 0x8a, 0x8b, 0x8a, 0x88, 0x85, 0x82, 0x81, 0x80, 
  0x80, 0x7e, 0x7c, 0x7b, 0x7a, 0x7c, 0x7f, 0x81, 0x82, 0x82, 0x80, 0x7f, 0x7f, 0x7f, 0x7f, 0x80, 
  0x80, 0x80, 0x81, 0x82, 0x83, 0x83, 0x83, 0x82, 0x80, 0x7e, 0x7b, 0x78, 0x77, 0x77, 0x79, 0x7c, 
  0x7e, 0x7f, 0x80, 0x81, 0x83, 0x84, 0x85, 0x85, 0x83, 0x80, 0x7d, 0x7a, 0x78, 0x75, 0x73, 0x72, 
  0x73, 0x76, 0x7a, 0x7f, 0x83, 0x85, 0x86, 0x85, 0x83, 0x82, 0x81, 0x7f, 0x7d, 0x79, 0x76, 0x73, 
  0x73, 0x74, 0x78, 0x7d, 0x80, 0x83, 0x85, 0x86, 0x86, 0x86, 0x84, 0x82, 0x7e, 0x7a, 0x78, 0x77, 
  0x78, 0x79, 0x7c, 0x7f, 0x82, 0x85, 0x87, 0x88, 0x88, 0x85, 0x82, 0x80, 0x7d, 0x7b, 0x7a, 0x7a, 
  0x7b, 0x7c, 0x7e, 0x7f, 0x81, 0x82, 0x83, 0x85, 0x86, 0x86, 0x85, 0x82, 0x7f, 0x7d, 0x7d, 0x7c, 
  0x7d, 0x7d, 0x7e, 0x7f, 0x80, 0x82, 0x83, 0x84, 0x84, 0x83, 0x82, 0x82, 0x81, 0x81, 0x80, 0x7f, 
  0x7f, 0x7e, 0x7e, 0x7e, 0x7f, 0x7f, 0x80, 0x81, 0x81, 0x82, 0x81, 0x81, 0x80, 0x80, 0x80, 0x80, 
  0x7f, 0x7f, 0x80, 0x80, 0x80, 0x81, 0x80, 0x80, 0x7f, 0x7e, 0x7e, 0x7e, 0x7f, 0x80, 0x81, 0x81, 
  0x80, 0x7f, 0x7f, 0x7f, 0x7f, 0x80, 0x81, 0x81, 0x80, 0x80, 0x7f, 0x7f, 0x7f, 0x80, 0x80, 0x80, 
  0x80, 0x80, 0x81, 0x81, 0x81, 0x80, 0x80, 0x7f, 0x7f, 0x7e, 0x7e, 0x7e, 0x7f, 0x80, 0x81, 0x82, 
  0x83, 0x83, 0x83, 0x82, 0x81, 0x80, 0x80, 0x80, 0x81, 0x81, 0x82, 0x81, 0x80, 0x80, 0x80, 0x81, 
  0x82, 0x83, 0x83, 0x83, 0x83, 0x81, 0x80, 0x7f, 0x7e, 0x7e, 0x7f, 0x80, 0x81, 0x82, 0x82, 0x82, 
  0x82, 0x82, 0x82, 0x82, 0x82, 0x81, 0x7f, 0x7e, 0x7e, 0x7f, 0x80, 0x80, 0x80, 0x80, 0x7f, 0x80, 
  0x81, 0x83, 0x84, 0x84, 0x82, 0x81, 0x7f, 0x7e, 0x7e, 0x7f, 0x7f, 0x7f, 0x7f, 0x7f, 0x7f, 0x80, 
  0x82, 0x84, 0x84, 0x84, 0x83, 0x81, 0x81, 0x80, 0x81, 0x81, 0x80, 0x7e, 0x7c, 0x7b, 0x7b, 0x7c, 
  0x7e, 0x80, 0x81, 0x81, 0x82, 0x82, 0x82, 0x83, 0x84, 0x84, 0x82, 0x80, 0x7e, 0x7d, 0x7d, 0x7c, 
  0x7c, 0x7c, 0x7c, 0x7d, 0x7e, 0x80, 0x82, 0x82, 0x82, 0x82, 0x82, 0x82, 0x82, 0x81, 0x81, 0x80, 
  0x80, 0x80, 0x80, 0x80, 0x80, 0x80, 0x81, 0x81, 0x82, 0x81, 0x80, 0x7f, 0x7e, 0x7e, 0x7e, 0x7e, 
  0x7f, 0x7f, 0x80, 0x82, 0x84, 0x85, 0x85, 0x84, 0x82, 0x80, 0x7e, 0x7d, 0x7d, 0x7e, 0x7e, 0x7f, 
  0x7f, 0x7f, 0x7f, 0x80, 0x81, 0x83, 0x84, 0x84, 0x83, 0x81, 0x80, 0x7f, 0x7f, 0x7e, 0x7e, 0x7d, 
  0x7d, 0x7e, 0x7f, 0x80, 0x80, 0x80, 0x80, 0x80, 0x80, 0x81, 0x81, 0x81, 0x81, 0x80, 0x80, 0x81, 
  0x81, 0x81, 0x80, 0x7f, 0x7e, 0x7d, 0x7d, 0x7e, 0x7f, 0x80, 0x81, 0x81, 0x82, 0x82, 0x82, 0x82, 
  0x82, 0x81, 0x80, 0x7f, 0x7f, 0x7e, 0x7e, 0x7d, 0x7c, 0x7c, 0x7d, 0x7e, 0x7f, 0x81, 0x82, 0x82, 
  0x82, 0x82, 0x82, 0x81, 0x81, 0x80, 0x7f, 0x7e, 0x7d, 0x7c, 0x7d, 0x7e, 0x7f, 0x80, 0x81, 0x81, 
  0x81, 0x82, 0x82, 0x83, 0x83, 0x83, 0x82, 0x81, 0x80, 0x80, 0x80, 0x80, 0x80, 0x7f, 0x7f, 0x7f, 
  0x7f, 0x80, 0x81, 0x81, 0x81, 0x80, 0x80, 0x80, 0x80, 0x81, 0x81, 0x80, 0x80, 0x7e, 0x7e, 0x7e, 
  0x7e, 0x7d, 0x7e, 0x7e, 0x7f, 0x7f, 0x7f, 0x80, 0x81, 0x82, 0x82, 0x81, 0x81, 0x81, 0x80, 0x80, 
  0x80, 0x80, 0x7f, 0x7e, 0x7e, 0x7f, 0x80, 0x80, 0x81, 0x82, 0x82, 0x82, 0x82, 0x82, 0x82, 0x81, 
  0x81, 0x81, 0x81, 0x80, 0x80, 0x7f, 0x7f, 0x7f, 0x7f, 0x7f, 0x7f, 0x7f, 0x80, 0x80, 0x81, 0x81, 
  0x80, 0x7f, 0x7f, 0x7f, 0x80, 0x80, 0x80, 0x80, 0x7f, 0x7f, 0x7e, 0x7e, 0x7f, 0x80, 0x80, 0x81, 
  0x81, 0x81, 0x81, 0x81, 0x80, 0x80, 0x7f, 0x7f, 0x7f, 0x7f, 0x80, 0x80, 0x80, 0x80, 0x80, 0x80, 
  0x7f, 0x7f, 0x7f, 0x80, 0x81, 0x81, 0x81, 0x81, 0x80, 0x80, 0x7f, 0x7f, 0x80, 0x80, 0x80, 0x80, 
  0x7f, 0x7f, 0x7f, 0x7f, 0x7f, 0x7f, 0x7f, 0x7f, 0x7f, 0x80, 0x80, 0x80, 0x80, 0x80, 0x81, 0x81, 
  0x81, 0x81, 0x81, 0x80, 0x80, 0x80, 0x80, 0x80, 0x7f, 0x80, 0x80, 0x81, 0x81, 0x82, 0x82, 0x81, 
  0x81, 0x81, 0x81, 0x81, 0x81, 0x81, 0x81, 0x81, 0x80, 0x80, 0x7f, 0x7f, 0x7f, 0x7f, 0x7f, 0x80, 
  0x80, 0x80, 0x80, 0x80, 0x80, 0x80, 0x80, 0x7f, 0x7f, 0x7f, 0x7f, 0x7f, 0x80, 0x7f, 0x7f, 0x7f, 
  0x7e, 0x7f, 0x7f, 0x80, 0x80, 0x80, 0x80, 0x80, 0x80, 0x80, 0x80, 0x80, 0x80, 0x80, 0x7f, 0x7f, 
  0x80, 0x80, 0x81, 0x81, 0x81, 0x80, 0x80, 0x80, 0x80, 0x80, 0x81, 0x80, 0x80, 0x80, 0x80, 0x80, 
  0x80, 0x80, 0x80, 0x80, 0x80, 0x80, 0x81, 0x81, 0x81, 0x81, 0x80, 0x80, 0x80, 0x80, 0x80, 0x80, 
  0x80, 0x80, 0x80, 0x7f, 0x80, 0x80, 0x80, 0x80, 0x80, 0x80, 0x80, 0x80, 0x81, 0x81, 0x81, 0x80, 
  0x80, 0x80, 0x7f, 0x7f, 0x7f, 0x7f, 0x80, 0x80, 0x80, 0x81, 0x80, 0x80, 0x80, 0x80, 0x81, 0x81, 
  0x81, 0x81, 0x81, 0x80, 0x80, 0x80, 0x80, 0x7f, 0x80, 0x80, 0x80, 0x80, 0x80, 0x81, 0x81, 0x81, 
  0x80, 0x80, 0x80, 0x80, 0x80, 0x80, 0x80, 0x80, 0x7f, 0x7f, 0x7f, 0x80, 0x80, 0x80, 0x80, 0x80, 
  0x80, 0x80, 0x80, 0x80, 0x80, 0x80, 0x80, 0x80, 0x80, 0x80, 0x80, 0x80, 0x80, 0x80, 0x7f, 0x7f, 
  0x7f, 0x80, 0x80, 0x80, 0x80, 0x80, 0x80, 0x80, 0x80, 0x80, 0x80, 0x80, 0x80, 0x80, 0x80, 0x7f, 
  0x7f, 0x80, 0x80, 0x80, 0x80, 0x80, 0x80, 0x80, 0x80, 0x80, 0x80, 0x80, 0x80, 0x80, 0x80, 0x80, 
  0x80, 0x80, 0x80, 0x80, 0x80, 0x80, 0x80, 0x80, 0x80, 0x81, 0x81, 0x81, 0x80, 0x80, 0x80, 0x80, 
  0x81, 0x81, 0x81, 0x81, 0x81, 0x80, 0x80, 0x80, 0x80, 0x80, 0x80, 0x80, 0x80, 0x81, 0x81, 0x81, 
  0x81, 0x80, 0x80, 0x80, 0x80, 0x81, 0x81, 0x81, 0x80, 0x80, 0x80, 0x80, 0x80, 0x80, 0x80, 0x80, 
  0x80, 0x80, 0x7f, 0x7f, 0x7f, 0x7f, 0x7f, 0x80, 0x80, 0x80, 0x80, 0x80, 0x7f, 0x7f, 0x7f, 0x80, 
  0x80, 0x80, 0x80, 0x80, 0x80, 0x80, 0x80, 0x80, 0x80, 0x80, 0x80, 0x80, 0x80, 0x81, 0x80, 0x80, 
  0x80, 0x80, 0x80, 0x80, 0x80, 0x80, 0x80, 0x80, 0x80, 0x80, 0x80, 0x80, 0x80, 0x80, 0x80, 0x80, 
  0x80, 0x80, 0x80, 0x80, 0x80, 0x80, 0x7f, 0x80, 0x80, 0x80, 0x80, 0x80, 0x80, 0x80, 0x80, 0x80, 
  0x80, 0x80, 0x80, 0x80, 0x80, 0x80, 0x80, 0x7f, 0x7f, 0x80, 0x80, 0x80, 0x80, 0x80, 0x80, 0x80, 
  0x80, 0x80, 0x80, 0x80, 0x80, 0x80, 0x80, 0x80, 0x80, 0x80, 0x80, 0x80, 0x80, 0x80, 0x80, 0x80, 
  0x80, 0x80, 0x80, 0x80, 0x80, 0x80, 0x80, 0x80, 0x80, 0x80, 0x80, 0x80, 0x80, 0x80, 0x80, 0x80, 
  0x80, 0x80, 0x80, 0x80, 0x80, 0x80, 0x80, 0x80, 0x80, 0x80, 0x80, 0x80, 0x80, 0x80, 0x80, 0x80, 
  0x80, 0x80, 0x80, 0x80, 0x80, 0x80, 0x80, 0x80, 0x80, 0x80, 0x80, 0x80, 0x80, 0x80, 0x80, 0x80, 
  0x80, 0x80, 0x80, 0x80, 0x80, 0x80, 0x80, 0x80, 0x80, 0x80, 0x80, 0x80, 0x80, 0x80, 0x80, 0x80, 
  0x80, 0x80, 0x80, 0x80, 0x80, 0x80, 0x80, 0x80, 0x80, 0x80, 0x80, 0x80, 0x80, 0x80, 0x80, 0x80, 
  0x80, 0x80, 0x80, 0x80, 0x80, 0x80, 0x80, 0x80, 0x80, 0x80, 0x80, 0x80, 0x80, 0x80, 0x80, 0x80, 
  0x80, 0x80, 0x80, 0x80, 0x80, 0x80, 0x80, 0x80, 0x80, 0x80, 0x80, 0x80, 0x80, 0x80, 0x80, 0x80, 
  0x80, 0x80, 0x80, 0x80, 0x80, 0x80, 0x80, 0x80, 0x80, 0x80, 0x80, 0x80, 0x80, 0x80, 0x80, 0x80, 
  0x80, 0x80, 0x80, 0x80, 0x80, 0x80, 0x80, 0x80, 0x80, 0x80, 0x80, 0x80, 0x80, 0x80, 0x80, 0x80, 
  0x80, 0x80, 0x80, 0x80, 0x80, 0x80, 0x80, 0x80, 0x80, 0x80, 0x80, 0x80, 0x80, 0x80, 0x80, 0x80, 
  0x80, 0x80, 0x80, 0x80, 0x80, 0x80, 0x80, 0x80, 0x80, 0x80, 0x80, 0x80, 0x80, 0x80, 0x80, 0x80, 
  0x80, 0x80, 0x80, 0x80, 0x80, 0x80, 0x80, 0x80, 0x80, 0x80, 0x80, 0x80, 0x80, 0x80, 0x80, 0x80, 
  0x80, 0x80, 0x80, 0x80, 0x80, 0x80, 0x80, 0x80, 0x80, 0x80, 0x80, 0x80, 0x80, 0x80, 0x80, 0x80, 
  0x80, 0x80, 0x80, 0x80, 0x80, 0x80, 0x80, 0x80, 0x80, 0x80, 0x80, 0x80, 0x80, 0x80, 0x80, 0x80, 
  0x80, 0x80, 0x80, 0x80, 0x80, 0x80, 0x80, 0x80, 0x80, 0x80, 0x80, 0x80, 0x80, 0x80, 0x80, 0x80, 
  0x80, 0x80, 0x80, 0x80, 0x80, 0x80, 0x80, 0x80, 0x80, 0x80, 0x80, 0x80, 0x80, 0x80, 0x80, 0x80, 
  0x80, 0x80, 0x80, 0x80, 0x80, 0x80, 0x80, 0x80, 0x80, 0x80, 0x80, 0x80, 0x80, 0x80, 0x80, 0x80, 
  0x80, 0x80, 0x80, 0x80, 0x80, 0x80, 0x80, 0x80, 0x80, 0x80, 0x80, 0x80, 0x80, 0x80, 0x80, 0x80, 
  0x80, 0x80, 0x80, 0x80, 0x80, 0x80, 0x80, 0x80, 0x80, 0x80, 0x80, 0x80, 0x80, 0x80, 0x80, 0x80, 
  0x80, 0x80, 0x80, 0x80, 0x80, 0x80, 0x80, 0x80, 0x80, 0x80, 0x80, 0x80, 0x80, 0x80, 0x80, 0x80, 
  0x80, 0x80, 0x80, 0x80, 0x80, 0x80, 0x80, 0x80, 0x80, 0x80, 0x80, 0x80, 0x80, 0x80, 0x80, 0x80, 
  0x80, 0x80, 0x80, 0x80, 0x80, 0x80, 0x80, 0x80, 0x80, 0x80, 0x80, 0x80, 0x80, 0x80, 0x80, 0x80, 
  0x80, 0x80, 0x80, 0x80, 0x80, 0x80, 0x80, 0x80, 0x80, 0x80, 0x80, 0x80, 0x80, 0x80, 0x80, 0x80, 
  0x80, 0x80, 0x80, 0x80, 0x80, 0x80, 0x80, 0x80, 0x80, 0x80, 0x80, 0x80, 0x80, 0x80, 0x80, 0x80, 
  0x80, 0x80, 0x80, 0x80, 0x80, 0x80, 0x80, 0x80, 0x80, 0x80, 0x80, 0x80, 0x80, 0x80, 0x80, 0x80, 
  0x80, 0x80, 0x80, 0x80, 0x80, 0x80, 0x80, 0x80, 0x80, 0x80, 0x80, 0x80, 0x80, 0x80, 0x80, 0x80, 
  0x80, 0x80, 0x80, 0x80, 0x80, 0x80, 0x80, 0x80, 0x80, 0x80, 0x80, 0x80, 0x80, 0x80, 0x80, 0x80, 
  0x80, 0x80, 0x80, 0x80, 0x80, 0x80, 0x80, 0x80, 0x80, 0x80, 0x80, 0x80, 0x80, 0x80, 0x80, 0x80, 
  0x80, 0x80, 0x80, 0x80, 0x80, 0x80, 0x80, 0x80, 0x80, 0x80, 0x80, 0x80, 0x80, 0x80, 0x80, 0x80, 
  0x80, 0x80, 0x80, 0x80, 0x80, 0x80, 0x80, 0x80, 0x80, 0x80, 0x80, 0x80, 0x80, 0x80, 0x80, 0x80, 
  0x80, 0x80, 0x80, 0x80, 0x80, 0x80, 0x80, 0x80, 0x80, 0x80, 0x80, 0x80, 0x80, 0x80, 0x80, 0x80, 
  0x80, 0x80, 0x80, 0x80, 0x80, 0x80, 0x80, 0x80, 0x80, 0x80, 0x80, 0x80, 0x80, 0x80, 0x80, 0x80, 
  0x80, 0x80, 0x80, 0x80, 0x80, 0x80, 0x80, 0x80, 0x80, 0x80, 0x80, 0x80, 0x80, 0x80, 0x80, 0x80, 
  0x80, 0x80, 0x80, 0x80, 0x80, 0x80, 0x80, 0x80, 0x80, 0x80, 0x80, 0x80, 0x80, 0x80, 0x80, 0x80, 
  0x80, 0x80, 0x80, 0x80, 0x80, 0x80, 0x80, 0x80, 0x80, 0x80, 0x80, 0x80, 0x80, 0x80, 0x80, 0x80, 
  0x80, 0x80, 0x80, 0x80, 0x80, 0x80, 0x80, 0x80, 0x80, 0x80, 0x80, 0x80, 0x80, 0x80, 0x80, 0x80, 
  0x80, 0x80, 0x80, 0x80, 0x80, 0x80, 0x80, 0x80, 0x80, 0x80, 0x80, 0x80, 0x80, 0x80, 0x80, 0x80, 
  0x80, 0x80, 0x80, 0x80, 0x80, 0x80, 0x80, 0x80, 0x80, 0x80, 0x80, 0x80, 0x80, 0x80, 0x80, 0x80, 
  0x80, 0x80, 0x80, 0x80, 0x80, 0x80, 0x80, 0x80, 0x80, 0x80, 0x80, 0x80, 0x80, 0x80, 0x80, 0x80, 
  0x80, 0x80, 0x80, 0x80, 0x80, 0x80, 0x80, 0x80, 0x80, 0x80, 0x80, 0x80, 0x80, 0x80, 0x80, 0x80, 
  0x80, 0x80, 0x80, 0x80, 0x80, 0x80, 0x80, 0x80, 0x80, 0x80, 0x80, 0x80, 0x80, 0x80, 0x80, 0x80, 
  0x80, 0x80, 0x80, 0x80, 0x80, 0x80, 0x80, 0x80, 0x80, 0x80, 0x80, 0x80, 0x80, 0x80, 0x80, 0x80, 
  0x80, 0x80, 0x80, 0x80, 0x80, 0x80, 0x80, 0x80, 0x80, 0x80, 0x80, 0x80, 0x80, 0x80, 0x80, 0x80, 
  0x80, 0x80, 0x80, 0x80, 0x80, 0x80, 0x80, 0x80, 0x80, 0x80, 0x80, 0x80, 0x80, 0x80, 0x80, 0x80, 
  0x80, 0x80, 0x80, 0x80, 0x80, 0x80, 0x80, 0x80, 0x80, 0x80, 0x80, 0x80, 0x80, 0x80, 0x80, 0x80, 
  0x80, 0x80, 0x80, 0x80, 0x80, 0x80, 0x80, 0x80, 0x80, 0x80, 0x80, 0x80, 0x80, 0x80, 0x80, 0x80, 
  0x80, 0x80, 0x80, 0x80, 0x80, 0x80, 0x80, 0x80, 0x80, 0x80, 0x80, 0x80, 0x80, 0x80, 0x80, 0x80, 
  0x80, 0x80, 0x80, 0x80, 0x80, 0x80, 0x80, 0x80, 0x80, 0x80, 0x80, 0x80, 0x80, 0x80, 0x80, 0x80, 
  0x80, 0x80, 0x80, 0x80, 0x80, 0x80, 0x80, 0x80, 0x80, 0x80, 0x80, 0x80, 0x80, 0x80, 0x80, 0x80, 
  0x80, 0x80, 0x80, 0x80, 0x80, 0x80, 0x80, 0x80, 0x80, 0x80, 0x80, 0x80, 0x80, 0x80, 0x80, 0x80, 
  0x80, 0x80, 0x80, 0x80, 0x80, 0x80, 0x80, 0x80, 0x80, 0x80, 0x80, 0x80, 0x80, 0x80, 0x80, 0x80, 
  0x80, 0x80, 0x80, 0x80, 0x80, 0x80, 0x80, 0x80, 0x80, 0x80, 0x80, 0x80, 0x80, 0x80, 0x80, 0x80, 
  0x80, 0x80, 0x80, 0x80, 0x80, 0x80, 0x80, 0x80, 0x80, 0x80, 0x80, 0x80, 0x80, 0x80, 0x80, 0x80, 
  0x80, 0x80, 0x80, 0x80, 0x80, 0x80, 0x80, 0x80, 0x80, 0x80, 0x80, 0x80, 0x80, 0x80, 0x80, 0x80, 
  0x80, 0x80, 0x80, 0x80, 0x80, 0x80, 0x80, 0x80, 0x80, 0x80, 0x80, 0x80, 0x80, 0x80, 0x80, 0x80, 
  0x80, 0x80, 0x80, 0x80, 0x80, 0x80, 0x80, 0x80, 0x80, 0x80, 0x80, 0x80, 0x80, 0x80, 0x80, 0x80, 
  0x80, 0x80, 0x80, 0x80, 0x80, 0x80, 0x80, 0x80, 0x80, 0x80, 0x80, 0x80, 0x80, 0x80, 0x80, 0x80, 
  0x80, 0x80, 0x80, 0x80, 0x80, 0x80, 0x80, 0x80, 0x80, 0x80, 0x80, 0x80, 0x80, 0x80, 0x80, 0x80, 
  0x80, 0x80, 0x80, 0x80, 0x80, 0x80, 0x80, 0x80, 0x80, 0x80, 0x80, 0x80, 0x80, 0x80, 0x80, 0x80, 
  0x80, 0x80, 0x80, 0x80, 0x80, 0x80, 0x80, 0x80, 0x80, 0x80, 0x80, 0x80, 0x80, 0x80, 0x80, 0x80, 
  0x80, 0x80, 0x80, 0x80, 0x80, 0x80, 0x80, 0x80, 0x80, 0x80, 0x80, 0x80, 0x80, 0x80, 0x80, 0x80, 
  0x80, 0x80, 0x80, 0x80, 0x80, 0x80, 0x80, 0x80, 0x80, 0x80, 0x80, 0x80, 0x80, 0x80, 0x80, 0x80, 
  0x80, 0x80, 0x80, 0x80, 0x80, 0x80, 0x80, 0x80, 0x80, 0x80, 0x80, 0x80, 0x80, 0x80, 0x80, 0x80, 
  0x80, 0x80, 0x80, 0x80, 0x80, 0x80, 0x80, 0x80, 0x80, 0x80, 0x80, 0x80, 0x80, 0x80, 0x80, 0x80, 
  0x80, 0x80, 0x80, 0x80, 0x80, 0x80, 0x80, 0x80, 0x80, 0x80, 0x80, 0x80, 0x80, 0x80, 0x80, 0x80, 
  0x80, 0x80, 0x80, 0x80, 0x80, 0x80, 0x80, 0x80, 0x80, 0x80, 0x80, 0x80, 0x80, 0x80, 0x80, 0x80, 
  0x80, 0x80, 0x80, 0x80, 0x80, 0x80, 0x80, 0x80, 0x80, 0x80, 0x80, 0x80, 0x80, 0x80, 0x80, 0x80, 
  0x80, 0x80, 0x80, 0x80, 0x80, 0x80, 0x80, 0x80, 0x80, 0x80, 0x80, 0x80, 0x80, 0x80, 0x80, 0x80, 
  0x80, 0x80, 0x80, 0x80, 0x80, 0x80, 0x80, 0x80, 0x80, 0x80, 0x80, 0x80, 0x80, 0x80, 0x80, 0x80, 
  0x80, 0x80, 0x80, 0x80, 0x80, 0x80, 0x80, 0x80, 0x80, 0x80, 0x80, 0x80, 0x80, 0x80, 0x80, 0x80, 
  0x80, 0x80, 0x80, 0x80, 0x80, 0x80, 0x80, 0x80, 0x80, 0x80, 0x80, 0x80, 0x80, 0x80, 0x80, 0x80, 
  0x80, 0x80, 0x80, 0x80, 0x80, 0x80, 0x80, 0x80, 0x80, 0x80, 0x80, 0x80, 0x80, 0x80, 0x80, 0x80, 
  0x80, 0x80, 0x80, 0x80, 0x80, 0x80, 0x80, 0x80, 0x80, 0x80, 0x80, 0x80, 0x80, 0x80, 0x80, 0x80, 
  0x80, 0x80, 0x80, 0x80, 0x80, 0x80, 0x80, 0x80, 0x80, 0x80, 0x80, 0x80, 0x80, 0x80, 0x80, 0x80, 
  0x80, 0x80, 0x80, 0x80, 0x80, 0x80, 0x80, 0x80, 0x80, 0x80, 0x80, 0x80, 0x80, 0x80, 0x80, 0x80, 
  0x80, 0x80, 0x80, 0x80, 0x80, 0x80, 0x80, 0x80, 0x80, 0x80, 0x80, 0x80, 0x80, 0x80, 0x80, 0x80, 
  0x80, 0x80, 0x80, 0x80, 0x80, 0x80, 0x80, 0x80, 0x80, 0x80, 0x80, 0x80, 0x80, 0x80, 0x80, 0x80, 
  0x80, 0x80, 0x80, 0x80, 0x80, 0x80, 0x80, 0x80, 0x80, 0x80, 0x80, 0x80, 0x80, 0x80, 0x80, 0x80, 
  0x80, 0x80, 0x80, 0x80, 0x80, 0x80, 0x80, 0x80, 0x80, 0x80, 0x80, 0x80, 0x80, 0x80, 0x80, 0x80, 
  0x80, 0x80, 0x80, 0x80, 0x80, 0x80, 0x80, 0x80, 0x80, 0x80, 0x80, 0x80, 0x80, 0x80, 0x80, 0x80, 
  0x80, 0x80, 0x80, 0x80, 0x80, 0x80, 0x80, 0x80, 0x80, 0x80, 0x80, 0x80, 0x80, 0x80, 0x80, 0x80, 
  0x80, 0x80, 0x80, 0x80, 0x80, 0x80, 0x80, 0x80, 0x80, 0x80, 0x80, 0x80, 0x80, 0x80, 0x80, 0x80, 
  0x80, 0x80, 0x80, 0x80, 0x80, 0x80, 0x80, 0x80, 0x80, 0x80, 0x80, 0x80, 0x80, 0x80, 0x80, 0x80, 
  0x80, 0x80, 0x80, 0x80, 0x80, 0x80, 0x80, 0x80, 0x80, 0x80, 0x80, 0x80, 0x80, 0x80, 0x80, 0x80, 
  0x80, 0x80, 0x80, 0x80, 0x80, 0x80, 0x80, 0x80, 0x80, 0x80, 0x80, 0x80, 0x80, 0x80, 0x80, 0x80, 
  0x80, 0x80, 0x80, 0x80, 0x80, 0x80, 0x80, 0x80, 0x80, 0x80, 0x80, 0x80, 0x80, 0x80, 0x80, 0x80, 
  0x80, 0x80, 0x80, 0x80, 0x80, 0x80, 0x80, 0x80, 0x80, 0x80, 0x80, 0x80, 0x80, 0x80, 0x80, 0x80, 
  0x80, 0x80, 0x80, 0x80, 0x80, 0x80, 0x80, 0x80, 0x80, 0x80, 0x80, 0x80, 0x80, 0x80, 0x80, 0x80, 
  0x80, 0x80, 0x80, 0x80, 0x80, 0x80, 0x80, 0x80, 0x80, 0x80, 0x80, 0x80, 0x80, 0x80, 0x80, 0x80, 
  0x80, 0x80, 0x80, 0x80, 0x80, 0x80, 0x80, 0x80, 0x80, 0x80, 0x80, 0x80, 0x80, 0x80, 0x80, 0x80, 
  0x80, 0x80, 0x80, 0x80, 0x80, 0x80, 0x80, 0x80, 0x80, 0x80, 0x80, 0x80, 0x80, 0x80, 0x80, 0x80, 
  0x80, 0x80, 0x80, 0x80, 0x80, 0x80, 0x80, 0x80, 0x80, 0x80, 0x80, 0x80, 0x80, 0x80, 0x80, 0x80, 
  0x80, 0x80, 0x80, 0x80, 0x80, 0x80, 0x80, 0x80, 0x80, 0x80, 0x80, 0x80, 0x80, 0x80, 0x80, 0x80, 
  0x80, 0x80, 0x80, 0x80, 0x80, 0x80, 0x80, 0x80, 0x80, 0x80, 0x80, 0x80, 0x80, 0x80, 0x80, 0x80, 
  0x80, 0x80, 0x80, 0x80, 0x80, 0x80, 0x80, 0x80, 0x80, 0x80, 0x80, 0x80, 0x80, 0x80, 0x80, 0x80, 
  0x80, 0x80, 0x80, 0x80, 0x80, 0x80, 0x80, 0x80, 0x80, 0x80, 0x80, 0x80, 0x80, 0x80, 0x80, 0x80, 
  0x80, 0x80, 0x80, 0x80, 0x80, 0x80, 0x80, 0x80, 0x80, 0x80, 0x80, 0x80, 0x80, 0x80, 0x80, 0x80, 
  0x80, 0x80, 0x80, 0x80, 0x80, 0x80, 0x80, 0x80, 0x80, 0x80, 0x80, 0x80, 0x80, 0x80, 0x80, 0x80, 
  0x80, 0x80, 0x80, 0x80, 0x80, 0x80, 0x80, 0x80, 0x80, 0x80, 0x80, 0x80, 0x80, 0x80, 0x80, 0x80, 
  0x80, 0x80, 0x80, 0x80, 0x80, 0x80, 0x80, 0x80, 0x80, 0x80, 0x80, 0x80, 0x80, 0x80, 0x80, 0x80, 
  0x80, 0x80, 0x80, 0x80, 0x80, 0x80, 0x80, 0x80, 0x80, 0x80, 0x80, 0x80, 0x80, 0x80, 0x80, 0x80, 
  0x80, 0x80, 0x80, 0x80, 0x80, 0x80, 0x80, 0x80, 0x80, 0x80, 0x80, 0x80, 0x80, 0x80, 0x80, 0x80, 
  0x80, 0x80, 0x80, 0x80, 0x80, 0x80, 0x80, 0x80, 0x80, 0x80, 0x80, 0x80, 0x80, 0x80, 0x80, 0x80, 
  0x80, 0x80, 0x80, 0x80, 0x80, 0x80, 0x80, 0x80, 0x80, 0x80, 0x80, 0x80, 0x80, 0x80, 0x80, 0x80, 
  0x80, 0x80, 0x80, 0x80, 0x80, 0x80, 0x80, 0x80, 0x80, 0x80, 0x80, 0x80, 0x80, 0x80, 0x80, 0x80, 
  0x80, 0x80, 0x80, 0x80, 0x80, 0x80, 0x80, 0x80, 0x80, 0x80, 0x80, 0x80, 0x80, 0x80, 0x80, 0x80, 
  0x80, 0x80, 0x80, 0x80, 0x80, 0x80, 0x80, 0x80, 0x80, 0x80, 0x80, 0x80, 0x80, 0x80, 0x80, 0x80, 
  0x80, 0x80, 0x80, 0x80, 0x80, 0x80, 0x80, 0x80, 0x80, 0x80, 0x80, 0x80, 0x80, 0x80, 0x80, 0x80, 
  0x80, 0x80, 0x80, 0x80, 0x80, 0x80, 0x80, 0x80, 0x80, 0x80, 0x80, 0x80, 0x80, 0x80, 0x80, 0x80, 
  0x80, 0x80, 0x80, 0x80, 0x80, 0x80, 0x80, 0x80, 0x80, 0x80, 0x80, 0x80, 0x80, 0x80, 0x80, 0x80, 
  0x80, 0x80, 0x80, 0x80, 0x80, 0x80, 0x80, 0x80, 0x80, 0x80, 0x80, 0x80, 0x80, 0x80, 0x80, 0x80, 
  0x80, 0x80, 0x80, 0x80, 0x80, 0x80, 0x80, 0x80, 0x80, 0x80, 0x80, 0x80, 0x80, 0x80, 0x80, 0x80, 
  0x80, 0x80, 0x80, 0x80, 0x80, 0x80, 0x80, 0x80, 0x80, 0x80, 0x80, 0x80, 0x80, 0x80, 0x80, 0x80, 
  0x80, 0x80, 0x80, 0x80, 0x80, 0x80, 0x80, 0x80, 0x80, 0x80, 0x80, 0x80, 0x80, 0x80, 0x80, 0x80, 
  0x80, 0x80, 0x80, 0x80, 0x80, 0x80, 0x80, 0x80, 0x80, 0x80, 0x80, 0x80, 0x80, 0x80, 0x80, 0x80, 
  0x80, 0x80, 0x80, 0x80, 0x80, 0x80, 0x80, 0x80, 0x80, 0x80, 0x80, 0x80, 0x80, 0x80, 0x80, 0x80, 
  0x80, 0x80, 0x80, 0x80, 0x80, 0x80, 0x80, 0x80, 0x80, 0x80, 0x80, 0x80, 0x80, 0x80, 0x80, 0x80, 
  0x80, 0x80, 0x80, 0x80, 0x80, 0x80, 0x80, 0x80, 0x80, 0x80, 0x80, 0x80, 0x80, 0x80, 0x80, 0x80, 
  0x80, 0x80, 0x80, 0x80, 0x80, 0x80, 0x80, 0x80, 0x80, 0x80, 0x80, 0x80, 0x80, 0x80, 0x80, 0x80, 
  0x80, 0x80, 0x80, 0x80, 0x80, 0x80, 0x80, 0x80, 0x80, 0x80, 0x80, 0x80, 0x80, 0x80, 0x80, 0x80, 
  0x80, 0x80, 0x80, 0x80, 0x80, 0x80, 0x80, 0x80, 0x80, 0x80, 0x80, 0x80, 0x80, 0x80, 0x80, 0x80, 
  0x80, 0x80, 0x80, 0x80, 0x80, 0x80, 0x80, 0x80, 0x80, 0x80, 0x80, 0x80, 0x80, 0x80, 0x80, 0x80, 
  0x80, 0x80, 0x80, 0x80, 0x80, 0x80, 0x80, 0x80, 0x80, 0x80, 0x80, 0x80, 0x80, 0x80, 0x80, 0x80, 
  0x80, 0x80, 0x80, 0x80, 0x80, 0x80, 0x80, 0x80, 0x80, 0x80, 0x80, 0x80, 0x80, 0x80, 0x80, 0x80, 
  0x80, 0x80, 0x80, 0x80, 0x80, 0x80, 0x80, 0x80, 0x80, 0x80, 0x80, 0x80, 0x80, 0x80, 0x80, 0x80, 
  0x80, 0x80, 0x80, 0x80, 0x80, 0x80, 0x80, 0x80, 0x80, 0x80, 0x80, 0x80, 0x80, 0x80, 0x80, 0x80, 
  0x80, 0x80, 0x80, 0x80, 0x80, 0x80, 0x80, 0x80, 0x80, 0x80, 0x80, 0x80, 0x80, 0x80, 0x80, 0x80, 
  0x80, 0x80, 0x80, 0x80, 0x80, 0x80, 0x80, 0x80, 0x80, 0x80, 0x80, 0x80, 0x80, 0x80, 0x80, 0x80, 
  0x80, 0x80, 0x80, 0x80, 0x80, 0x80, 0x80, 0x80, 0x80, 0x80, 0x80, 0x80, 0x80, 0x80, 0x80, 0x80, 
  0x80, 0x80, 0x80, 0x80, 0x80, 0x80, 0x80, 0x80, 0x80, 0x80, 0x80, 0x80, 0x80, 0x80, 0x80, 0x80, 
  0x80, 0x80, 0x80, 0x80, 0x80, 0x80, 0x80, 0x80, 0x80, 0x80, 0x80, 0x80, 0x80, 0x80, 0x80, 0x80, 
  0x80, 0x80, 0x80, 0x80, 0x80, 0x80, 0x80, 0x80, 0x80, 0x80, 0x80, 0x80, 0x80, 0x80, 0x80, 0x80, 
  0x80, 0x80, 0x80, 0x80, 0x80, 0x80, 0x80, 0x80, 0x80, 0x80, 0x80, 0x80, 0x80, 0x80, 0x80, 0x80, 
  0x80, 0x80, 0x80, 0x80, 0x80, 0x80, 0x80, 0x80, 0x80, 0x80, 0x80, 0x80, 0x80, 0x80, 0x80, 0x80, 
  0x80, 0x80, 0x80, 0x80, 0x80, 0x80, 0x80, 0x80, 0x80, 0x80, 0x80, 0x80, 0x80, 0x80, 0x80, 0x80, 
  0x80, 0x80, 0x80, 0x80, 0x80, 0x80, 0x80, 0x80, 0x80, 0x80, 0x80, 0x80, 0x80, 0x80, 0x80, 0x80, 
  0x80, 0x80, 0x80, 0x80, 0x80, 0x80, 0x80, 0x80, 0x80, 0x80, 0x80, 0x80, 0x80, 0x80, 0x80, 0x80, 
  0x80, 0x80, 0x80, 0x80, 0x80, 0x80, 0x80, 0x80, 0x80, 0x80, 0x80, 0x80, 0x80, 0x80, 0x80, 0x80, 
  0x80, 0x80, 0x80, 0x80, 0x80, 0x80, 0x80, 0x80, 0x80, 0x80, 0x80, 0x80, 0x80, 0x80, 0x80, 0x80, 
  0x80, 0x80, 0x80, 0x80, 0x80, 0x80, 0x80, 0x80, 0x80, 0x80, 0x80, 0x80, 0x80, 0x80, 0x80, 0x80, 
  0x80, 0x80, 0x80, 0x80, 0x80, 0x80, 0x80, 0x80, 0x80, 0x80, 0x80, 0x80, 0x80, 0x80, 0x80, 0x80, 
  0x80, 0x80, 0x80, 0x80, 0x80, 0x80, 0x80, 0x80, 0x80, 0x80, 0x80, 0x80, 0x80, 0x80, 0x80, 0x80, 
  0x80, 0x80, 0x80, 0x80, 0x80, 0x80, 0x80, 0x80, 0x80, 0x80, 0x80, 0x80, 0x80, 0x80, 0x80, 0x80, 
  0x80, 0x80, 0x80, 0x80, 0x80, 0x80, 0x80, 0x80, 0x80, 0x80, 0x80, 0x80, 0x80, 0x80, 0x80, 0x80, 
  0x80, 0x80, 0x80, 0x80, 0x80, 0x80, 0x80, 0x80, 0x80, 0x80, 0x80, 0x80, 0x80, 0x80, 0x80, 0x80, 
  0x80, 0x80, 0x80, 0x80, 0x80, 0x80, 0x80, 0x80, 0x80, 0x80, 0x80, 0x80, 0x80, 0x80, 0x80, 0x80, 
  0x80, 0x80, 0x80, 0x80, 0x80, 0x80, 0x80, 0x80, 0x80, 0x80, 0x80, 0x80, 0x80, 0x80, 0x80, 0x80, 
  0x80, 0x80, 0x80, 0x80, 0x80, 0x80, 0x80, 0x80, 0x80, 0x80, 0x80, 0x80, 0x80, 0x80, 0x80, 0x80, 
  0x80, 0x80, 0x80, 0x80, 0x80, 0x80, 0x80, 0x80, 0x80, 0x80, 0x80, 0x80, 0x80, 0x80, 0x80, 0x80, 
  0x80, 0x80, 0x80, 0x80, 0x80, 0x80, 0x80, 0x80, 0x80, 0x80, 0x80, 0x80, 0x80, 0x80, 0x80, 0x80, 
  0x80, 0x80, 0x80, 0x80, 0x80, 0x80, 0x80, 0x80, 0x80, 0x80, 0x80, 0x80, 0x80, 0x80, 0x80, 0x80, 
  0x80, 0x80, 0x80, 0x80, 0x80, 0x80, 0x80, 0x80, 0x80, 0x80, 0x80, 0x80, 0x80, 0x80, 0x80, 0x80, 
  0x80, 0x80, 0x80, 0x80, 0x80, 0x80, 0x80, 0x80, 0x80, 0x80, 0x80, 0x80, 0x80, 0x80, 0x80, 0x80, 
  0x80, 0x80, 0x80, 0x80, 0x80, 0x80, 0x80, 0x80, 0x80, 0x80, 0x80, 0x80, 0x80, 0x80, 0x80, 0x80, 
  0x80, 0x80, 0x80, 0x80, 0x80, 0x80, 0x80, 0x80, 0x80, 0x80, 0x80, 0x80, 0x80, 0x80, 0x80, 0x80, 
  0x80, 0x80, 0x80, 0x80, 0x80, 0x80, 0x80, 0x80, 0x80, 0x80, 0x80, 0x80, 0x80, 0x80, 0x80, 0x80, 
  0x80, 0x80, 0x80, 0x80, 0x80, 0x80, 0x80, 0x80, 0x80, 0x80, 0x80, 0x80, 0x80, 0x80, 0x80, 0x80, 
  0x80, 0x80, 0x80, 0x80, 0x80, 0x80, 0x80, 0x80, 0x80, 0x80, 0x80, 0x80, 0x80, 0x80, 0x80, 0x80, 
  0x80, 0x80, 0x80, 0x80, 0x80, 0x80, 0x80, 0x80, 0x80, 0x80, 0x80, 0x80, 0x80, 0x80, 0x80, 0x80, 
  0x80, 0x80, 0x80, 0x80, 0x80, 0x80, 0x80, 0x80, 0x80, 0x80, 0x80, 0x80, 0x80, 0x80, 0x80, 0x80, 
  0x80, 0x80, 0x80, 0x80, 0x80, 0x80, 0x80, 0x80, 0x80, 0x80, 0x80, 0x80, 0x80, 0x80, 0x80, 0x80, 
  0x80, 0x80, 0x80, 0x80, 0x80, 0x80, 0x80, 0x80, 0x80, 0x80, 0x80, 0x80, 0x80, 0x80, 0x80, 0x80, 
  0x80, 0x80, 0x80, 0x80, 0x80, 0x80, 0x80, 0x80, 0x80, 0x80, 0x80, 0x80, 0x80, 0x80, 0x80, 0x80, 
  0x80, 0x80, 0x80, 0x80, 0x80, 0x80, 0x80, 0x80, 0x80, 0x80, 0x80, 0x80, 0x80, 0x80, 0x80, 0x80, 
  0x80, 0x80, 0x80, 0x80, 0x80, 0x80, 0x80, 0x80, 0x80, 0x80, 0x80, 0x80, 0x80, 0x80, 0x80, 0x80, 
  0x80, 0x80, 0x80, 0x80, 0x80, 0x80, 0x80, 0x80, 0x80, 0x80, 0x80, 0x80, 0x80, 0x80, 0x80, 0x80, 
  0x80, 0x80, 0x80, 0x80, 0x80, 0x80, 0x80, 0x80, 0x80, 0x80, 0x80, 0x80, 0x80, 0x80, 0x80, 0x80, 
  0x80, 0x80, 0x80, 0x80, 0x80, 0x80, 0x80, 0x80, 0x80, 0x80, 0x80, 0x80, 0x80, 0x80, 0x80, 0x80, 
  0x80, 0x80, 0x80, 0x80, 0x80, 0x80, 0x80, 0x80, 0x80, 0x80, 0x80, 0x80, 0x80, 0x80, 0x80, 0x80, 
  0x80, 0x80, 0x80, 0x80, 0x80, 0x80, 0x80, 0x80, 0x80, 0x80, 0x80, 0x80, 0x80, 0x80, 0x80, 0x80, 
  0x80, 0x80, 0x80, 0x80, 0x80, 0x80, 0x80, 0x80, 0x80, 0x80, 0x80, 0x80, 0x80, 0x80, 0x80, 0x80, 
  0x80, 0x80, 0x80, 0x80, 0x80, 0x80, 0x80, 0x80, 0x80, 0x80, 0x80, 0x80, 0x80, 0x80, 0x80, 0x80, 
  0x80, 0x80, 0x80, 0x80, 0x80, 0x80, 0x80, 0x80, 0x80, 0x80, 0x80, 0x80, 0x80, 0x80, 0x80, 0x80, 
  0x80, 0x80, 0x80, 0x80, 0x80, 0x80, 0x80, 0x80, 0x80, 0x80, 0x80, 0x80, 0x80, 0x80, 0x80, 0x80, 
  0x80, 0x80, 0x80, 0x80, 0x80, 0x80, 0x80, 0x80, 0x80, 0x80, 0x80, 0x80, 0x80, 0x80, 0x80, 0x80, 
  0x80, 0x80, 0x80, 0x80, 0x80, 0x80, 0x80, 0x80, 0x80, 0x80, 0x80, 0x80, 0x80, 0x80, 0x80, 0x80, 
  0x80, 0x80, 0x80, 0x80, 0x80, 0x80, 0x80, 0x80, 0x80, 0x80, 0x80, 0x80, 0x80, 0x80, 0x80, 0x80, 
  0x80, 0x80, 0x80, 0x80, 0x80, 0x80, 0x80, 0x80, 0x80, 0x80, 0x80, 0x80, 0x80, 0x80, 0x80, 0x80, 
  0x80, 0x80, 0x80, 0x80, 0x80, 0x80, 0x80, 0x80, 0x80, 0x80, 0x80, 0x80, 0x80, 0x80, 0x80, 0x80, 
  0x80, 0x80, 0x80, 0x80, 0x80, 0x80, 0x80, 0x80, 0x80, 0x80, 0x80, 0x80, 0x80, 0x80, 0x80, 0x80, 
  0x80, 0x80, 0x80, 0x80, 0x80, 0x80, 0x80, 0x80, 0x80, 0x80, 0x80, 0x80, 0x80, 0x80, 0x80, 0x80, 
  0x80, 0x80, 0x80, 0x80, 0x80, 0x80, 0x80, 0x80, 0x80, 0x80, 0x80, 0x80, 0x80, 0x80, 0x80, 0x80, 
  0x80, 0x80, 0x80, 0x80, 0x80, 0x80, 0x80, 0x80, 0x80, 0x80, 0x80, 0x80, 0x80, 0x80, 0x80, 0x80, 
  0x80, 0x80, 0x80, 0x80, 0x80, 0x80, 0x80, 0x80, 0x80, 0x80, 0x80, 0x80, 0x80, 0x80, 0x80, 0x80, 
  0x80, 0x80, 0x80, 0x80, 0x80, 0x80, 0x80, 0x80, 0x80, 0x80, 0x80, 0x80, 0x80, 0x80, 0x80, 0x80, 
  0x80, 0x80, 0x80, 0x80, 0x80, 0x80, 0x80, 0x80, 0x80, 0x80, 0x80, 0x80, 0x80, 0x80, 0x80, 0x80, 
  0x80, 0x80, 0x80, 0x80, 0x80, 0x80, 0x80, 0x80, 0x80, 0x80, 0x80, 0x80, 0x80, 0x80, 0x80, 0x80, 
  0x80, 0x80, 0x80, 0x80, 0x80, 0x80, 0x80, 0x80, 0x80, 0x80, 0x80, 0x80, 0x80, 0x80, 0x80, 0x80, 
  0x80, 0x80, 0x80, 0x80, 0x80, 0x80, 0x80, 0x80, 0x80, 0x80, 0x80, 0x80, 0x80, 0x80, 0x80, 0x80, 
  0x80, 0x80, 0x80, 0x80, 0x80, 0x80, 0x80, 0x80, 0x80, 0x80, 0x80, 0x80, 0x80, 0x80, 0x80, 0x80, 
  0x80, 0x80, 0x80, 0x80, 0x80, 0x80, 0x80, 0x80, 0x80, 0x80, 0x80, 0x80, 0x80, 0x80, 0x80, 0x80, 
  0x80, 0x80, 0x80, 0x80, 0x80, 0x80, 0x80, 0x80, 0x80, 0x80, 0x80, 0x80, 0x80, 0x80, 0x80, 0x80, 
  0x80, 0x80, 0x80, 0x80, 0x80, 0x80, 0x80, 0x80, 0x80, 0x80, 0x80, 0x80, 0x80, 0x80, 0x80, 0x80, 
  0x80, 0x80, 0x80, 0x80, 0x80, 0x80, 0x80, 0x80, 0x80, 0x80, 0x80, 0x80, 0x80, 0x80, 0x80, 0x80, 
  0x80, 0x80, 0x80, 0x80, 0x80, 0x80, 0x80, 0x80, 0x80, 0x80, 0x80, 0x80, 0x80, 0x80, 0x80, 0x80, 
  0x80, 0x80, 0x80, 0x80, 0x80, 0x80, 0x80, 0x80, 0x80, 0x80, 0x80, 0x80, 0x80, 0x80, 0x80, 0x80, 
  0x80, 0x80, 0x80, 0x80, 0x80, 0x80, 0x80, 0x80, 0x80, 0x80, 0x80, 0x80, 0x80, 0x80, 0x80, 0x80, 
  0x80, 0x80, 0x80, 0x80, 0x80, 0x80, 0x80, 0x80, 0x80, 0x80, 0x80, 0x80, 0x80, 0x80, 0x80, 0x80, 
  0x80, 0x80, 0x80, 0x80, 0x80, 0x80, 0x80, 0x80, 0x80, 0x80, 0x80, 0x80, 0x80, 0x80, 0x80, 0x80, 
  0x80, 0x80, 0x80, 0x80, 0x80, 0x80, 0x80, 0x80, 0x80, 0x80, 0x80, 0x80, 0x80, 0x80, 0x80, 0x80, 
  0x80, 0x80, 0x80, 0x80, 0x80, 0x80, 0x80, 0x80, 0x80, 0x80, 0x80, 0x80, 0x80, 0x80, 0x80, 0x80, 
  0x80, 0x80, 0x80, 0x80, 0x80, 0x80, 0x80, 0x80, 0x80, 0x80, 0x80, 0x80, 0x80, 0x80, 0x80, 0x80, 
  0x80, 0x80, 0x80, 0x80, 0x80, 0x80, 0x80, 0x80, 0x80, 0x80, 0x80, 0x80, 0x80, 0x80, 0x80, 0x80, 
  0x80, 0x80, 0x80, 0x80, 0x80, 0x80, 0x80, 0x80, 0x80, 0x80, 0x80, 0x80, 0x80, 0x80, 0x80, 0x80, 
  0x80, 0x80, 0x80, 0x80, 0x80, 0x80, 0x80, 0x80, 0x80, 0x80, 0x80, 0x80, 0x80, 0x80, 0x80, 0x80, 
  0x80, 0x80, 0x80, 0x80, 0x80, 0x80, 0x80, 0x80, 0x80, 0x80, 0x80, 0x80, 0x80, 0x80, 0x80, 0x80, 
  0x80, 0x80, 0x80, 0x80, 0x80, 0x80, 0x80, 0x80, 0x80, 0x80, 0x80, 0x80, 0x80, 0x80, 0x80, 0x80, 
  0x80, 0x80, 0x80, 0x80, 0x80, 0x80, 0x80, 0x80, 0x80, 0x80, 0x80, 0x80, 0x80, 0x80, 0x80, 0x80, 
  0x80, 0x80, 0x80, 0x80, 0x80, 0x80, 0x80, 0x80, 0x80, 0x80, 0x80, 0x80, 0x80, 0x80, 0x80, 0x80, 
  0x80, 0x80, 0x80, 0x80, 0x80, 0x80, 0x80, 0x80, 0x80, 0x80, 0x80, 0x80, 0x80, 0x80, 0x80, 0x80, 
  0x80, 0x80, 0x80, 0x80, 0x80, 0x80, 0x80, 0x80, 0x80, 0x80, 0x80, 0x80, 0x80, 0x80, 0x80, 0x80, 
  0x80, 0x80, 0x80, 0x80, 0x80, 0x80, 0x80, 0x80, 0x80, 0x80, 0x80, 0x80, 0x80, 0x80, 0x80, 0x80, 
  0x80, 0x80, 0x80, 0x80, 0x80, 0x80, 0x80, 0x80, 0x80, 0x80, 0x80, 0x80, 0x80, 0x80, 0x80, 0x80, 
  0x80, 0x80, 0x80, 0x80, 0x80, 0x80, 0x80, 0x80, 0x80, 0x80, 0x80, 0x80, 0x80, 0x80, 0x80, 0x80, 
  0x80, 0x80, 0x80, 0x80, 0x80, 0x80, 0x80, 0x80, 0x80, 0x80, 0x80, 0x80, 0x80, 0x80, 0x80, 0x80, 
  0x80, 0x80, 0x80, 0x80, 0x80, 0x80, 0x80, 0x80, 0x80, 0x80, 0x80, 0x80, 0x80, 0x80, 0x80, 0x80, 
  0x80, 0x80, 0x80, 0x80, 0x80, 0x80, 0x80, 0x80, 0x80, 0x80, 0x80, 0x80, 0x80, 0x80, 0x80, 0x80, 
  0x80, 0x80, 0x80, 0x80, 0x80, 0x80, 0x80, 0x80, 0x80, 0x80, 0x80, 0x80, 0x80, 0x80, 0x80, 0x80, 
  0x80, 0x80, 0x80, 0x80, 0x80, 0x80, 0x80, 0x80, 0x80, 0x80, 0x80, 0x80, 0x80, 0x80, 0x80, 0x80, 
  0x80, 0x80, 0x80, 0x80, 0x80, 0x80, 0x80, 0x80, 0x80, 0x80, 0x80, 0x80, 0x80, 0x80, 0x80, 0x80, 
  0x80, 0x80, 0x80, 0x80, 0x80, 0x80, 0x80, 0x80, 0x80, 0x80, 0x80, 0x80, 0x80, 0x80, 0x80, 0x80, 
  0x80, 0x80, 0x80, 0x80, 0x80, 0x80, 0x80, 0x80, 0x80, 0x80, 0x80, 0x80, 0x80, 0x80, 0x80, 0x80, 
  0x80, 0x80, 0x80, 0x80, 0x80, 0x80, 0x80, 0x80, 0x80, 0x80, 0x80, 0x80, 0x80, 0x80, 0x80, 0x80, 
  0x80, 0x80, 0x80, 0x80, 0x80, 0x80, 0x80, 0x80, 0x80, 0x80, 0x80, 0x80, 0x80, 0x80, 0x80, 0x80, 
  0x80, 0x80, 0x80, 0x80, 0x80, 0x80, 0x80, 0x80, 0x80, 0x80, 0x80, 0x80, 0x80, 0x80, 0x80, 0x80, 
  0x80, 0x80, 0x80, 0x80, 0x80, 0x80, 0x80, 0x80, 0x80, 0x80, 0x80, 0x80, 0x80, 0x80, 0x80, 0x80, 
  0x80, 0x80, 0x80, 0x80, 0x80, 0x80, 0x80, 0x80, 0x80, 0x80, 0x80, 0x80, 0x80, 0x80, 0x80, 0x80, 
  0x80, 0x80, 0x80, 0x80, 0x80, 0x80, 0x80, 0x80, 0x80, 0x80, 0x80, 0x80, 0x80, 0x80, 0x80, 0x80, 
  0x80, 0x80, 0x80, 0x80, 0x80, 0x80, 0x80, 0x80, 0x80, 0x80, 0x80, 0x80, 0x80, 0x80, 0x80, 0x80, 
  0x80, 0x80, 0x80, 0x80, 0x80, 0x80, 0x80, 0x80, 0x80, 0x80, 0x80, 0x80, 0x80, 0x80, 0x80, 0x80, 
  0x80, 0x80, 0x80, 0x80, 0x80, 0x80, 0x80, 0x80, 0x80, 0x80, 0x80, 0x80, 0x80, 0x80, 0x80, 0x80, 
  0x80, 0x80, 0x80, 0x80, 0x80, 0x80, 0x80, 0x80, 0x80, 0x80, 0x80, 0x80, 0x80, 0x80, 0x80, 0x80, 
  0x80, 0x80, 0x80, 0x80, 0x80, 0x80, 0x80, 0x80, 0x80, 0x80, 0x80, 0x80, 0x80, 0x80, 0x80, 0x80, 
  0x80, 0x80, 0x80, 0x80, 0x80, 0x80, 0x80, 0x80, 0x80, 0x80, 0x80, 0x80, 0x80, 0x80, 0x80, 0x80, 
  0x80, 0x80, 0x80, 0x80, 0x80, 0x80, 0x80, 0x80, 0x80, 0x80, 0x80, 0x80, 0x80, 0x80, 0x80, 0x80, 
  0x80, 0x80, 0x80, 0x80, 0x80, 0x80, 0x80, 0x80, 0x80, 0x80, 0x80, 0x80, 0x80, 0x80, 0x80, 0x80, 
  0x80, 0x80, 0x80, 0x80, 0x80, 0x80, 0x80, 0x80, 0x80, 0x80, 0x80, 0x80, 0x80, 0x80, 0x80, 0x80, 
  0x80, 0x80, 0x80, 0x80, 0x80, 0x80, 0x80, 0x80, 0x80, 0x80, 0x80, 0x80, 0x80, 0x80, 0x80, 0x80, 
  0x80, 0x80, 0x80, 0x80, 0x80, 0x80, 0x80, 0x80, 0x80, 0x80, 0x80, 0x80, 0x80, 0x80, 0x80, 0x80, 
  0x80, 0x80, 0x80, 0x80, 0x80, 0x80, 0x80, 0x80, 0x80, 0x80, 0x80, 0x80, 0x80, 0x80, 0x80, 0x80, 
  0x80, 0x80, 0x80, 0x80, 0x80, 0x80, 0x80, 0x80, 0x80, 0x80, 0x80, 0x80, 0x80, 0x80, 0x80, 0x80, 
  0x80, 0x80, 0x80, 0x80, 0x80, 0x80, 0x80, 0x80, 0x80, 0x80, 0x80, 0x80, 0x80, 0x80, 0x80, 0x80, 
  0x80, 0x80, 0x80, 0x80, 0x80, 0x80, 0x80, 0x80, 0x80, 0x80, 0x80, 0x80, 0x80, 0x80, 0x80, 0x80, 
  0x80, 0x80, 0x80, 0x80, 0x80, 0x80, 0x80, 0x80, 0x80, 0x80, 0x80, 0x80, 0x80, 0x80, 0x80, 0x80, 
  0x80, 0x80, 0x80, 0x80, 0x80, 0x80, 0x80, 0x80, 0x80, 0x80, 0x80, 0x80, 0x80, 0x80, 0x80, 0x80, 
  0x80, 0x80, 0x80, 0x80, 0x80, 0x80, 0x80, 0x80, 0x80, 0x80, 0x80, 0x80, 0x80, 0x80, 0x80, 0x80, 
  0x80, 0x80, 0x80, 0x80, 0x80, 0x80, 0x80, 0x80, 0x80, 0x80, 0x80, 0x80, 0x80, 0x80, 0x80, 0x80, 
  0x80, 0x80, 0x80, 0x80, 0x80, 0x80, 0x80, 0x80, 0x80, 0x80, 0x80, 0x80, 0x80, 0x80, 0x80, 0x80, 
  0x80, 0x80, 0x80, 0x80, 0x80, 0x80, 0x80, 0x80, 0x80, 0x80, 0x80, 0x80, 0x80, 0x80, 0x80, 0x80, 
  0x80, 0x80, 0x80, 0x80, 0x80, 0x80, 0x80, 0x80, 0x80, 0x80, 0x80, 0x80, 0x80, 0x80, 0x80, 0x80, 
  0x80, 0x80, 0x80, 0x80, 0x80, 0x80, 0x80, 0x80, 0x80, 0x80, 0x80, 0x80, 0x80, 0x80, 0x80, 0x80, 
  0x80, 0x80, 0x80, 0x80, 0x80, 0x80, 0x80, 0x80, 0x80, 0x80, 0x80, 0x80, 0x80, 0x80, 0x80, 0x80, 
  0x80, 0x80, 0x80, 0x80, 0x80, 0x80, 0x80, 0x80, 0x80, 0x80, 0x80, 0x80, 0x80, 0x80, 0x80, 0x80, 
  0x80, 0x80, 0x80, 0x80, 0x80, 0x80, 0x80, 0x80, 0x80, 0x80, 0x80, 0x80, 0x80, 0x80, 0x80, 0x80, 
  0x80, 0x80, 0x80, 0x80, 0x80, 0x80, 0x80, 0x80, 0x80, 0x80, 0x80, 0x80, 0x80, 0x80, 0x80, 0x80, 
  0x80, 0x80, 0x80, 0x80, 0x80, 0x80, 0x80, 0x80, 0x80, 0x80, 0x80, 0x80, 0x80, 0x80, 0x80, 0x80, 
  0x80, 0x80, 0x80, 0x80, 0x80, 0x80, 0x80, 0x80, 0x80, 0x80, 0x80, 0x80, 0x80, 0x80, 0x80, 0x80, 
  0x80, 0x80, 0x80, 0x80, 0x80, 0x80, 0x80, 0x80, 0x80, 0x80, 0x80, 0x80, 0x80, 0x80, 0x80, 0x80, 
  0x80, 0x80, 0x80, 0x80, 0x80, 0x80, 0x80, 0x80, 0x80, 0x80, 0x80, 0x80, 0x80, 0x80, 0x80, 0x80, 
  0x80, 0x80, 0x80, 0x80, 0x80, 0x80, 0x80, 0x80, 0x80, 0x80, 0x80, 0x80, 0x80, 0x80, 0x80, 0x80, 
  0x80, 0x80, 0x80, 0x80, 0x80, 0x80, 0x80, 0x80, 0x80, 0x80, 0x80, 0x80, 0x80, 0x80, 0x80, 0x80, 
  0x80, 0x80, 0x80, 0x80, 0x80, 0x80, 0x80, 0x80, 0x80, 0x80, 0x80, 0x80, 0x80, 0x80, 0x80, 0x80, 
  0x80, 0x80, 0x80, 0x80, 0x80, 0x80, 0x80, 0x80, 0x80, 0x80, 0x80, 0x80, 0x80, 0x80, 0x80, 0x80, 
  0x80, 0x80, 0x80, 0x80, 0x80, 0x80, 0x80, 0x80, 0x80, 0x80, 0x80, 0x80, 0x80, 0x80, 0x80, 0x80, 
  0x80, 0x80, 0x80, 0x80, 0x80, 0x80, 0x80, 0x80, 0x80, 0x80, 0x80, 0x80, 0x80, 0x80, 0x80, 0x80, 
  0x80, 0x80, 0x80, 0x80, 0x80, 0x80, 0x80, 0x80, 0x80, 0x80, 0x80, 0x80, 0x80, 0x80, 0x80, 0x80, 
  0x80, 0x80, 0x80, 0x80, 0x80, 0x80, 0x80, 0x80, 0x80, 0x80, 0x80, 0x80, 0x80, 0x80, 0x80, 0x80, 
  0x80, 0x80, 0x80, 0x80, 0x80, 0x80, 0x80, 0x80, 0x80, 0x80, 0x80, 0x80, 0x80, 0x80, 0x80, 0x80, 
  0x80, 0x80, 0x80, 0x80, 0x80, 0x80, 0x80, 0x80, 0x80, 0x80, 0x80, 0x80, 0x80, 0x80, 0x80, 0x80, 
  0x80, 0x80, 0x80, 0x80, 0x80, 0x80, 0x80, 0x80, 0x80, 0x80, 0x80, 0x80, 0x80, 0x80, 0x80, 0x80, 
  0x80, 0x80, 0x80, 0x80, 0x80, 0x80, 0x80, 0x80, 0x80, 0x80, 0x80, 0x80, 0x80, 0x80, 0x80, 0x80, 
  0x80, 0x80, 0x80, 0x80, 0x80, 0x80, 0x80, 0x80, 0x80, 0x80, 0x80, 0x80, 0x80, 0x80, 0x80, 0x80, 
  0x80, 0x80, 0x80, 0x80, 0x80, 0x80, 0x80, 0x80, 0x80, 0x80, 0x80, 0x80, 0x80, 0x80, 0x80, 0x80, 
  0x80, 0x80, 0x80, 0x80, 0x80, 0x80, 0x80, 0x80, 0x80, 0x80, 0x80, 0x80, 0x80, 0x80, 0x80, 0x80, 
  0x80, 0x80, 0x80, 0x80, 0x80, 0x80, 0x80, 0x80, 0x80, 0x80, 0x80, 0x80, 0x80, 0x80, 0x80, 0x80, 
  0x80, 0x80, 0x80, 0x80, 0x80, 0x80, 0x80, 0x80, 0x80, 0x80, 0x80, 0x80, 0x80, 0x80, 0x80, 0x80, 
  0x80, 0x80, 0x80, 0x80, 0x80, 0x80, 0x80, 0x80, 0x80, 0x80, 0x80, 0x80, 0x80, 0x80, 0x80, 0x80, 
  0x80, 0x80, 0x80, 0x80, 0x80, 0x80, 0x80, 0x80, 0x80, 0x80, 0x80, 0x80, 0x80, 0x80, 0x80, 0x80, 
  0x80, 0x80, 0x80, 0x80, 0x80, 0x80, 0x80, 0x80, 0x80, 0x80, 0x80, 0x80, 0x80, 0x80, 0x80, 0x80, 
  0x80, 0x80, 0x80, 0x80, 0x80, 0x80, 0x80, 0x80, 0x80, 0x80, 0x80, 0x80, 0x80, 0x80, 0x80, 0x80, 
  0x80, 0x80, 0x80, 0x80, 0x80, 0x80, 0x80, 0x80, 0x80, 0x80, 0x80, 0x80, 0x80, 0x80, 0x80, 0x80, 
  0x80, 0x80, 0x80, 0x80, 0x80, 0x80, 0x80, 0x80, 0x80, 0x80, 0x80, 0x80, 0x80, 0x80, 0x80, 0x80, 
  0x80, 0x80, 0x80, 0x80, 0x80, 0x80, 0x80, 0x80, 0x80, 0x80, 0x80, 0x80, 0x80, 0x80, 0x80, 0x80, 
  0x80, 0x80, 0x80, 0x80, 0x80, 0x80, 0x80, 0x80, 0x80, 0x80, 0x80, 0x80, 0x80, 0x80, 0x80, 0x80, 
  0x80, 0x80, 0x80, 0x80, 0x80, 0x80, 0x80, 0x80, 0x80, 0x80, 0x80, 0x80, 0x80, 0x80, 0x80, 0x80, 
  0x80, 0x80, 0x80, 0x80, 0x80, 0x80, 0x80, 0x80, 0x80, 0x80, 0x80, 0x80, 0x80, 0x80, 0x80, 0x80, 
  0x80, 0x80, 0x80, 0x80, 0x80, 0x80, 0x80, 0x80, 0x80, 0x80, 0x80, 0x80, 0x80, 0x80, 0x80, 0x80, 
  0x80, 0x80, 0x80, 0x80, 0x80, 0x80, 0x80, 0x80, 0x80, 0x80, 0x80, 0x80, 0x80, 0x80, 0x80, 0x80, 
  0x80, 0x80, 0x80, 0x80, 0x80, 0x80, 0x80, 0x80, 0x80, 0x80, 0x80, 0x80, 0x80, 0x80, 0x80, 0x80, 
  0x80, 0x80, 0x80, 0x80, 0x80, 0x80, 0x80, 0x80, 0x80, 0x80, 0x80, 0x80, 0x80, 0x80, 0x80, 0x80, 
  0x80, 0x80, 0x80, 0x80, 0x80, 0x80, 0x80, 0x80, 0x80, 0x80, 0x80, 0x80, 0x80, 0x80, 0x80, 0x80, 
  0x80, 0x80, 0x80, 0x80, 0x80, 0x80, 0x80, 0x80, 0x80, 0x80, 0x80, 0x80, 0x80, 0x80, 0x80, 0x80, 
  0x80, 0x80, 0x80, 0x80, 0x80, 0x80, 0x80, 0x80, 0x80, 0x80, 0x80, 0x80, 0x80, 0x80, 0x80, 0x80, 
  0x80, 0x80, 0x80, 0x80, 0x80, 0x80, 0x80, 0x80, 0x80, 0x80, 0x80, 0x80, 0x80, 0x80, 0x80, 0x80, 
  0x80, 0x80, 0x80, 0x80, 0x80, 0x80, 0x80, 0x80, 0x80, 0x80, 0x80, 0x80, 0x80, 0x80, 0x80, 0x80, 
  0x80, 0x80, 0x80, 0x80, 0x80, 0x80, 0x80, 0x80, 0x80, 0x80, 0x80, 0x80, 0x80, 0x80, 0x80, 0x80, 
  0x80, 0x80, 0x80, 0x80, 0x80, 0x80, 0x80, 0x80, 0x80, 0x80, 0x80, 0x80, 0x80, 0x80, 0x80, 0x80, 
  0x80, 0x80
};

// Calcula automaticamente o tamanho total do array
const int tamanhoSom = sizeof(SomWav);

#endif // Fim do AUDIO_H